,model,gpu,num_users,median_nttft,median_itl,prediction_median_nttft,prediction_median_itl
0,EleutherAI/gpt-neox-20b,1 x H100,1,0.5294117647058824,19.0,0.0,33.940254
1,EleutherAI/gpt-neox-20b,1 x H100,2,0.7126436781609196,20.0,0.0,33.940254
2,EleutherAI/gpt-neox-20b,1 x H100,4,1.2261904761904765,22.0,0.0,33.940254
3,EleutherAI/gpt-neox-20b,1 x H100,8,1.8995412844036696,25.0,0.0,33.940254
4,EleutherAI/gpt-neox-20b,1 x H100,16,3.071357989836251,31.0,0.0,33.940254
5,EleutherAI/gpt-neox-20b,1 x H100,32,5.244186046511628,41.0,0.0,33.940254
6,EleutherAI/gpt-neox-20b,1 x H100,64,10.436518987341772,64.0,0.0,33.940254
7,EleutherAI/gpt-neox-20b,1 x H100,128,57.29032258064516,87.0,0.0,33.940254
8,EleutherAI/gpt-neox-20b,2 x A10,1,1.438577291381669,48.0,0.0,33.940254
9,EleutherAI/gpt-neox-20b,2 x A10,2,1.9047619047619049,54.0,0.0,33.940254
10,EleutherAI/gpt-neox-20b,2 x A10,4,3.275025278058645,58.0,0.0,33.940254
11,EleutherAI/gpt-neox-20b,2 x A10,8,7.582364341085271,60.0,0.0,33.940254
12,EleutherAI/gpt-neox-20b,2 x A10,16,26.273641102010423,61.0,0.0,33.940254
13,EleutherAI/gpt-neox-20b,2 x A10,32,89.95592048401036,61.0,0.0,33.940254
14,EleutherAI/gpt-neox-20b,2 x A10,64,204.32692307692307,62.0,0.0,33.940254
15,EleutherAI/gpt-neox-20b,2 x A10,128,288.8255813953488,62.0,0.0,33.940254
16,EleutherAI/gpt-neox-20b,2 x A100,1,0.7137237762237763,20.0,0.0,33.940254
17,EleutherAI/gpt-neox-20b,2 x A100,2,0.8111111111111111,22.0,0.0,33.940254
18,EleutherAI/gpt-neox-20b,2 x A100,4,1.3495934959349594,26.0,0.0,33.940254
19,EleutherAI/gpt-neox-20b,2 x A100,8,2.3294117647058825,29.0,0.0,33.940254
20,EleutherAI/gpt-neox-20b,2 x A100,16,3.655172413793104,36.0,0.0,33.940254
21,EleutherAI/gpt-neox-20b,2 x A100,32,6.415851775604735,50.0,0.0,33.940254
22,EleutherAI/gpt-neox-20b,2 x A100,64,11.98,71.0,0.0,33.940254
23,EleutherAI/gpt-neox-20b,2 x A100,128,116.47368421052632,99.0,0.0,33.940254
24,EleutherAI/gpt-neox-20b,2 x H100,1,0.4352941176470588,15.0,0.0,33.940254
25,EleutherAI/gpt-neox-20b,2 x H100,2,0.5833333333333334,16.0,0.0,33.940254
26,EleutherAI/gpt-neox-20b,2 x H100,4,0.9659090909090908,17.0,0.0,33.940254
27,EleutherAI/gpt-neox-20b,2 x H100,8,1.35,19.0,0.0,33.940254
28,EleutherAI/gpt-neox-20b,2 x H100,16,2.0791592128801435,23.0,0.0,33.940254
29,EleutherAI/gpt-neox-20b,2 x H100,32,3.280449438202247,31.0,0.0,33.940254
30,EleutherAI/gpt-neox-20b,2 x H100,64,5.806818181818182,52.0,0.0,33.940254
31,EleutherAI/gpt-neox-20b,2 x H100,128,12.0561797752809,98.0,0.0,33.940254
32,EleutherAI/gpt-neox-20b,4 x A100,1,0.7388833992094861,19.0,0.0,33.940254
33,EleutherAI/gpt-neox-20b,4 x A100,2,0.7666666666666667,20.0,0.0,33.940254
34,EleutherAI/gpt-neox-20b,4 x A100,4,1.236068895643364,21.0,0.0,33.940254
35,EleutherAI/gpt-neox-20b,4 x A100,8,2.0,23.0,0.0,33.940254
36,EleutherAI/gpt-neox-20b,4 x A100,16,3.0,27.0,0.0,33.940254
37,EleutherAI/gpt-neox-20b,4 x A100,32,5.141304347826087,37.0,0.0,33.940254
38,EleutherAI/gpt-neox-20b,4 x A100,64,9.269015047879616,59.0,0.0,33.940254
39,EleutherAI/gpt-neox-20b,4 x A100,128,22.35820895522388,102.0,0.0,33.940254
40,EleutherAI/gpt-neox-20b,4 x H100,1,0.4166666666666667,14.0,0.0,33.940254
41,EleutherAI/gpt-neox-20b,4 x H100,2,0.5737577639751552,16.0,0.0,33.940254
42,EleutherAI/gpt-neox-20b,4 x H100,4,0.9090909090909092,16.0,0.0,33.940254
43,EleutherAI/gpt-neox-20b,4 x H100,8,1.2222298221614227,18.0,0.0,33.940254
44,EleutherAI/gpt-neox-20b,4 x H100,16,1.7613871635610767,21.0,0.0,33.940254
45,EleutherAI/gpt-neox-20b,4 x H100,32,2.467391304347826,26.0,0.0,33.940254
46,EleutherAI/gpt-neox-20b,4 x H100,64,4.27906976744186,39.0,0.0,33.940254
47,EleutherAI/gpt-neox-20b,4 x H100,128,8.046244319700616,69.0,0.0,33.940254
48,EleutherAI/gpt-neox-20b,4 x T4,1,1.710843373493976,52.0,0.0,33.940254
49,EleutherAI/gpt-neox-20b,4 x T4,2,2.1965909090909093,54.0,0.0,33.940254
50,EleutherAI/gpt-neox-20b,4 x T4,4,3.674649859943978,59.0,0.0,33.940254
51,EleutherAI/gpt-neox-20b,4 x T4,8,6.468354430379747,66.0,0.0,33.940254
52,EleutherAI/gpt-neox-20b,4 x T4,16,11.24705882352941,78.0,0.0,33.940254
53,EleutherAI/gpt-neox-20b,4 x T4,32,34.24444444444445,95.0,0.0,33.940254
54,EleutherAI/gpt-neox-20b,4 x T4,64,104.98424467099166,97.0,0.0,33.940254
55,EleutherAI/gpt-neox-20b,4 x T4,128,229.9957687894435,104.0,0.0,33.940254
56,Salesforce/codegen2-16B,1 x H100,1,0.6547619047619048,24.0,0.0,23.63948
57,Salesforce/codegen2-16B,1 x H100,2,0.9397590361445785,25.0,0.0,23.769707
58,Salesforce/codegen2-16B,1 x H100,4,1.7741935483870968,28.0,0.0,24.049185
59,Salesforce/codegen2-16B,1 x H100,8,3.761663286004057,30.0,0.0,24.608139
60,Salesforce/codegen2-16B,1 x H100,16,12.69065757818765,31.0,0.0,25.729069
61,Salesforce/codegen2-16B,1 x H100,32,42.706896551724135,32.0,0.0,27.487272
62,Salesforce/codegen2-16B,1 x H100,64,99.07228915662652,32.0,0.0,26.577816
63,Salesforce/codegen2-16B,1 x H100,128,184.45168539325843,33.0,0.0,49.72789
64,bigcode/starcoder,1 x A100,1,0.8372093023255814,27.0,0.0,34.75789
65,bigcode/starcoder,1 x A100,2,0.9529411764705882,28.0,0.0,34.75789
66,bigcode/starcoder,1 x A100,4,1.7604166666666667,29.0,0.0,34.75789
67,bigcode/starcoder,1 x A100,8,2.723958333333333,31.0,0.0,34.75789
68,bigcode/starcoder,1 x A100,16,4.255816368923972,36.0,0.0,34.75789
69,bigcode/starcoder,1 x A100,32,7.162878787878788,43.0,0.0,34.75789
70,bigcode/starcoder,1 x A100,64,14.565934065934066,59.0,0.0,34.75789
71,bigcode/starcoder,1 x A100,128,36.54430379746835,88.0,0.0,34.75789
72,bigcode/starcoder,1 x H100,1,0.4166666666666667,15.0,0.0,34.75789
73,bigcode/starcoder,1 x H100,2,0.5476190476190477,15.0,0.0,34.75789
74,bigcode/starcoder,1 x H100,4,0.9106117353308364,17.0,0.0,34.75789
75,bigcode/starcoder,1 x H100,8,1.3422300263388938,18.0,0.0,34.75789
76,bigcode/starcoder,1 x H100,16,2.08,21.0,0.0,34.75789
77,bigcode/starcoder,1 x H100,32,3.1748686096512184,25.0,0.0,34.75789
78,bigcode/starcoder,1 x H100,64,5.309523809523809,36.0,0.0,34.75789
79,bigcode/starcoder,1 x H100,128,9.699583477959042,58.0,0.0,34.75789
80,bigcode/starcoder,2 x A10,1,1.2087912087912087,38.0,0.0,34.75789
81,bigcode/starcoder,2 x A10,2,1.5349025974025974,43.0,0.0,34.75789
82,bigcode/starcoder,2 x A10,4,2.619923637625824,46.0,0.0,34.75789
83,bigcode/starcoder,2 x A10,8,4.0897583429229,49.0,0.0,34.75789
84,bigcode/starcoder,2 x A10,16,6.181818181818182,54.0,0.0,34.75789
85,bigcode/starcoder,2 x A10,32,9.903225806451612,64.0,0.0,34.75789
86,bigcode/starcoder,2 x A10,64,17.53409090909091,82.0,0.0,34.75789
87,bigcode/starcoder,2 x A10,128,36.58620689655172,121.0,0.0,34.75789
88,bigcode/starcoder,2 x A100,1,0.6736171132238549,18.0,0.0,34.75789
89,bigcode/starcoder,2 x A100,2,0.7459667991582886,19.0,0.0,34.75789
90,bigcode/starcoder,2 x A100,4,1.1085714285714283,21.0,0.0,34.75789
91,bigcode/starcoder,2 x A100,8,1.8666666666666667,23.0,0.0,34.75789
92,bigcode/starcoder,2 x A100,16,2.7621552127162223,27.0,0.0,34.75789
93,bigcode/starcoder,2 x A100,32,4.389519945909399,34.0,0.0,34.75789
94,bigcode/starcoder,2 x A100,64,7.563218390804598,49.0,0.0,34.75789
95,bigcode/starcoder,2 x A100,128,14.072526236881558,79.0,0.0,34.75789
96,bigcode/starcoder,2 x H100,1,0.388235294117647,13.0,0.0,34.75789
97,bigcode/starcoder,2 x H100,2,0.5172413793103449,14.0,0.0,34.75789
98,bigcode/starcoder,2 x H100,4,0.8505549682875264,15.0,0.0,34.75789
99,bigcode/starcoder,2 x H100,8,1.137931034482759,16.0,0.0,34.75789
100,bigcode/starcoder,2 x H100,16,1.6514240919780507,18.0,0.0,34.75789
101,bigcode/starcoder,2 x H100,32,2.417124542124542,22.0,0.0,34.75789
102,bigcode/starcoder,2 x H100,64,3.886363636363636,32.0,0.0,34.75789
103,bigcode/starcoder,2 x H100,128,7.0,53.0,0.0,34.75789
104,bigcode/starcoder,4 x A100,1,0.701063829787234,18.0,0.0,34.75789
105,bigcode/starcoder,4 x A100,2,0.7981651376146789,19.0,0.0,34.75789
106,bigcode/starcoder,4 x A100,4,1.218070652173913,20.0,0.0,34.75789
107,bigcode/starcoder,4 x A100,8,1.929802955665025,21.0,0.0,34.75789
108,bigcode/starcoder,4 x A100,16,2.847058823529412,24.0,0.0,34.75789
109,bigcode/starcoder,4 x A100,32,4.789444444444444,31.0,0.0,34.75789
110,bigcode/starcoder,4 x A100,64,8.63312324929972,45.0,0.0,34.75789
111,bigcode/starcoder,4 x A100,128,16.87455277280859,75.0,0.0,34.75789
112,bigcode/starcoder,4 x H100,1,0.3964695993275427,13.0,0.0,34.75789
113,bigcode/starcoder,4 x H100,2,0.5448402172540103,14.0,0.0,34.75789
114,bigcode/starcoder,4 x H100,4,0.8604651162790697,15.0,0.0,34.75789
115,bigcode/starcoder,4 x H100,8,1.1064169570267133,16.0,0.0,34.75789
116,bigcode/starcoder,4 x H100,16,1.5141941391941391,18.0,0.0,34.75789
117,bigcode/starcoder,4 x H100,32,2.17948717948718,22.0,0.0,34.75789
118,bigcode/starcoder,4 x H100,64,3.419354838709677,31.0,0.0,34.75789
119,bigcode/starcoder,4 x H100,128,6.102272727272728,50.0,0.0,34.75789
120,bigcode/starcoder,4 x T4,1,1.441860465116279,39.0,0.0,34.75789
121,bigcode/starcoder,4 x T4,2,1.728342245989305,43.0,0.0,34.75789
122,bigcode/starcoder,4 x T4,4,2.87,45.0,0.0,34.75789
123,bigcode/starcoder,4 x T4,8,4.8,50.0,0.0,34.75789
124,bigcode/starcoder,4 x T4,16,7.657502443792767,56.0,0.0,34.75789
125,bigcode/starcoder,4 x T4,32,13.83529411764706,72.0,0.0,34.75789
126,bigcode/starcoder,4 x T4,64,26.29634888438133,103.0,0.0,34.75789
127,bigcode/starcoder,4 x T4,128,53.328886976477335,145.0,0.0,34.75789
128,bigscience/mt0-xxl,1 x A100,1,0.5633523103402622,22.0,0.0,18.589222
129,bigscience/mt0-xxl,1 x A100,2,0.6144578313253012,22.0,0.0,19.04298
130,bigscience/mt0-xxl,1 x A100,4,1.2294117647058824,23.0,0.0,19.693377
131,bigscience/mt0-xxl,1 x A100,8,2.509283819628647,25.0,0.0,20.25627
132,bigscience/mt0-xxl,1 x A100,16,11.107142857142858,26.0,0.0,20.61845
133,bigscience/mt0-xxl,1 x A100,32,37.66203703703704,25.0,0.0,24.002048
134,bigscience/mt0-xxl,1 x A100,64,91.57798165137616,26.0,0.0,23.633675
135,bigscience/mt0-xxl,1 x A100,128,174.41146788990827,26.0,0.0,45.07405
136,bigscience/mt0-xxl,1 x H100,1,0.4545454545454545,16.0,0.0,19.360748
137,bigscience/mt0-xxl,1 x H100,2,0.5460191981931113,17.0,0.0,19.615242
138,bigscience/mt0-xxl,1 x H100,4,0.7727272727272727,18.0,0.0,20.076363
139,bigscience/mt0-xxl,1 x H100,8,1.1423351990049753,20.0,0.0,20.49509
140,bigscience/mt0-xxl,1 x H100,16,2.3404255319148937,28.0,0.0,20.85727
141,bigscience/mt0-xxl,1 x H100,32,5.08,50.0,0.0,24.83036
142,bigscience/mt0-xxl,1 x H100,64,13.863636363636363,93.0,0.0,24.448719
143,bigscience/mt0-xxl,1 x H100,128,54.26436781609196,183.0,0.0,46.367493
144,google/flan-t5-xl,1 x A10,1,0.6,21.0,0.0,33.707397
145,google/flan-t5-xl,1 x A10,2,0.6781609195402298,21.0,0.0,33.707397
146,google/flan-t5-xl,1 x A10,4,1.1139240506329111,22.0,0.0,33.707397
147,google/flan-t5-xl,1 x A10,8,2.044323580895224,23.0,0.0,33.707397
148,google/flan-t5-xl,1 x A10,16,4.641025641025641,29.0,0.0,33.707397
149,google/flan-t5-xl,1 x A10,32,20.257530120481928,37.0,0.0,33.707397
150,google/flan-t5-xl,1 x A10,64,55.060344827586206,59.0,0.0,33.707397
151,google/flan-t5-xl,1 x A10,128,123.39067828723002,71.0,0.0,33.707397
152,google/flan-t5-xl,1 x A100,1,0.5847701149425287,20.0,0.0,33.707397
153,google/flan-t5-xl,1 x A100,2,0.6666666666666666,21.0,0.0,33.707397
154,google/flan-t5-xl,1 x A100,4,1.1914893617021276,21.0,0.0,33.707397
155,google/flan-t5-xl,1 x A100,8,2.737931823381377,22.0,0.0,33.707397
156,google/flan-t5-xl,1 x A100,16,8.714285714285714,23.0,0.0,33.707397
157,google/flan-t5-xl,1 x A100,32,25.41860465116279,24.0,0.0,33.707397
158,google/flan-t5-xl,1 x A100,64,62.70605581127733,23.0,0.0,33.707397
159,google/flan-t5-xl,1 x A100,128,137.7230459770115,24.0,0.0,33.707397
160,google/flan-t5-xl,1 x H100,1,0.4386288998357964,15.0,0.0,33.707397
161,google/flan-t5-xl,1 x H100,2,0.5357142857142857,16.0,0.0,33.707397
162,google/flan-t5-xl,1 x H100,4,0.96875,16.0,0.0,33.707397
163,google/flan-t5-xl,1 x H100,8,1.3333333333333333,17.0,0.0,33.707397
164,google/flan-t5-xl,1 x H100,16,2.0773504273504275,18.0,0.0,33.707397
165,google/flan-t5-xl,1 x H100,32,3.945271779597915,32.0,0.0,33.707397
166,google/flan-t5-xl,1 x H100,64,8.579569892473117,56.0,0.0,33.707397
167,google/flan-t5-xl,1 x H100,128,20.0,101.0,0.0,33.707397
168,google/flan-t5-xl,1 x T4,1,0.7857142857142857,20.0,0.0,33.707397
169,google/flan-t5-xl,1 x T4,2,0.8571055381400209,28.0,0.0,33.707397
170,google/flan-t5-xl,1 x T4,4,1.924886394012296,29.0,0.0,33.707397
171,google/flan-t5-xl,1 x T4,8,6.483870967741935,32.0,0.0,33.707397
172,google/flan-t5-xl,1 x T4,16,26.141176470588235,35.0,0.0,33.707397
173,google/flan-t5-xl,1 x T4,32,72.81162790697674,37.0,0.0,33.707397
174,google/flan-t5-xl,1 x T4,64,157.94908424908425,37.0,0.0,33.707397
175,google/flan-t5-xl,1 x T4,128,305.30997404523544,36.0,0.0,33.707397
176,google/flan-t5-xl,1 x V100,1,0.6369241672572643,23.0,0.0,33.707397
177,google/flan-t5-xl,1 x V100,2,0.6704545454545454,24.0,0.0,33.707397
178,google/flan-t5-xl,1 x V100,4,1.411437908496732,25.0,0.0,33.707397
179,google/flan-t5-xl,1 x V100,8,3.170289855072464,26.0,0.0,33.707397
180,google/flan-t5-xl,1 x V100,16,11.980813953488372,27.0,0.0,33.707397
181,google/flan-t5-xl,1 x V100,32,39.76086956521739,27.0,0.0,33.707397
182,google/flan-t5-xl,1 x V100,64,86.25373134328358,27.0,0.0,33.707397
183,google/flan-t5-xl,1 x V100,128,167.64285714285717,27.0,0.0,33.707397
184,google/flan-t5-xl,2 x A10,1,0.7159090909090909,26.0,0.0,33.707397
185,google/flan-t5-xl,2 x A10,2,0.8103448275862069,30.0,0.0,33.707397
186,google/flan-t5-xl,2 x A10,4,1.618266117162202,30.0,0.0,33.707397
187,google/flan-t5-xl,2 x A10,8,2.395833333333333,32.0,0.0,33.707397
188,google/flan-t5-xl,2 x A10,16,3.700746268656717,34.0,0.0,33.707397
189,google/flan-t5-xl,2 x A10,32,8.227149321266968,47.0,0.0,33.707397
190,google/flan-t5-xl,2 x A10,64,25.19148936170213,67.0,0.0,33.707397
191,google/flan-t5-xl,2 x A10,128,71.957827143353,167.0,0.0,33.707397
192,google/flan-t5-xl,2 x A100,1,0.7272727272727273,25.0,0.0,33.707397
193,google/flan-t5-xl,2 x A100,2,0.8114550679205852,29.0,0.0,33.707397
194,google/flan-t5-xl,2 x A100,4,1.6777777777777778,31.0,0.0,33.707397
195,google/flan-t5-xl,2 x A100,8,2.238336713995943,32.0,0.0,33.707397
196,google/flan-t5-xl,2 x A100,16,3.0889034512887728,35.0,0.0,33.707397
197,google/flan-t5-xl,2 x A100,32,4.654509283819628,47.0,0.0,33.707397
198,google/flan-t5-xl,2 x A100,64,9.080920697716238,66.0,0.0,33.707397
199,google/flan-t5-xl,2 x A100,128,26.38743980738363,91.0,0.0,33.707397
200,google/flan-t5-xl,2 x H100,1,0.5058823529411764,17.0,0.0,33.707397
201,google/flan-t5-xl,2 x H100,2,0.6369241672572643,21.0,0.0,33.707397
202,google/flan-t5-xl,2 x H100,4,1.1764705882352942,22.0,0.0,33.707397
203,google/flan-t5-xl,2 x H100,8,1.5824175824175823,23.0,0.0,33.707397
204,google/flan-t5-xl,2 x H100,16,2.174442190669371,25.0,0.0,33.707397
205,google/flan-t5-xl,2 x H100,32,3.0689655172413794,33.0,0.0,33.707397
206,google/flan-t5-xl,2 x H100,64,5.430243636858581,46.0,0.0,33.707397
207,google/flan-t5-xl,2 x H100,128,11.4,74.0,0.0,33.707397
208,google/flan-t5-xl,2 x T4,1,0.7295388450353137,26.0,0.0,33.707397
209,google/flan-t5-xl,2 x T4,2,0.8440972222222223,30.0,0.0,33.707397
210,google/flan-t5-xl,2 x T4,4,1.715043695380774,31.0,0.0,33.707397
211,google/flan-t5-xl,2 x T4,8,2.988235294117647,32.0,0.0,33.707397
212,google/flan-t5-xl,2 x T4,16,6.345304680600529,38.0,0.0,33.707397
213,google/flan-t5-xl,2 x T4,32,20.223837209302324,62.0,0.0,33.707397
214,google/flan-t5-xl,2 x T4,64,69.77680779863233,120.0,0.0,33.707397
215,google/flan-t5-xl,2 x T4,128,167.75862068965515,181.0,0.0,33.707397
216,google/flan-t5-xl,2 x V100,1,0.7790697674418605,29.0,0.0,33.707397
217,google/flan-t5-xl,2 x V100,2,0.9318181818181818,34.0,0.0,33.707397
218,google/flan-t5-xl,2 x V100,4,1.7714285714285714,34.0,0.0,33.707397
219,google/flan-t5-xl,2 x V100,8,2.671641791044776,36.0,0.0,33.707397
220,google/flan-t5-xl,2 x V100,16,4.25,39.0,0.0,33.707397
221,google/flan-t5-xl,2 x V100,32,10.574468085106384,49.0,0.0,33.707397
222,google/flan-t5-xl,2 x V100,64,34.2093023255814,62.0,0.0,33.707397
223,google/flan-t5-xl,2 x V100,128,95.006430215243,123.0,0.0,33.707397
224,google/flan-t5-xl,4 x A100,1,0.797752808988764,28.0,0.0,33.707397
225,google/flan-t5-xl,4 x A100,2,0.8850574712643678,30.0,0.0,33.707397
226,google/flan-t5-xl,4 x A100,4,1.6455696202531649,31.0,0.0,33.707397
227,google/flan-t5-xl,4 x A100,8,2.4233031674208143,33.0,0.0,33.707397
228,google/flan-t5-xl,4 x A100,16,3.392857142857143,37.0,0.0,33.707397
229,google/flan-t5-xl,4 x A100,32,6.0120481927710845,45.0,0.0,33.707397
230,google/flan-t5-xl,4 x A100,64,12.2225768321513,58.0,0.0,33.707397
231,google/flan-t5-xl,4 x A100,128,28.058529411764702,81.0,0.0,33.707397
232,google/flan-t5-xl,4 x H100,1,0.5301204819277109,17.0,0.0,33.707397
233,google/flan-t5-xl,4 x H100,2,0.6703296703296703,22.0,0.0,33.707397
234,google/flan-t5-xl,4 x H100,4,1.231604609929078,23.0,0.0,33.707397
235,google/flan-t5-xl,4 x H100,8,1.623529411764706,24.0,0.0,33.707397
236,google/flan-t5-xl,4 x H100,16,2.225806451612903,26.0,0.0,33.707397
237,google/flan-t5-xl,4 x H100,32,2.875,32.0,0.0,33.707397
238,google/flan-t5-xl,4 x H100,64,4.664728682170543,41.0,0.0,33.707397
239,google/flan-t5-xl,4 x H100,128,8.858823529411765,60.0,0.0,33.707397
240,google/flan-t5-xl,4 x T4,1,0.7777701778385773,26.0,0.0,33.707397
241,google/flan-t5-xl,4 x T4,2,0.8674698795180723,30.0,0.0,33.707397
242,google/flan-t5-xl,4 x T4,4,1.630952380952381,31.0,0.0,33.707397
243,google/flan-t5-xl,4 x T4,8,2.706422018348624,33.0,0.0,33.707397
244,google/flan-t5-xl,4 x T4,16,4.582417582417582,36.0,0.0,33.707397
245,google/flan-t5-xl,4 x T4,32,12.68,50.0,0.0,33.707397
246,google/flan-t5-xl,4 x T4,64,35.17391304347826,86.0,0.0,33.707397
247,google/flan-t5-xl,4 x T4,128,85.32876332917878,229.0,0.0,33.707397
248,google/flan-t5-xl,4 x V100,1,0.8095238095238095,29.0,0.0,33.707397
249,google/flan-t5-xl,4 x V100,2,0.9673295454545454,34.0,0.0,33.707397
250,google/flan-t5-xl,4 x V100,4,1.8020833333333333,34.0,0.0,33.707397
251,google/flan-t5-xl,4 x V100,8,2.6954281183932345,36.0,0.0,33.707397
252,google/flan-t5-xl,4 x V100,16,4.213483146067416,40.0,0.0,33.707397
253,google/flan-t5-xl,4 x V100,32,8.522388059701493,49.0,0.0,33.707397
254,google/flan-t5-xl,4 x V100,64,19.22938082715754,64.0,0.0,33.707397
255,google/flan-t5-xl,4 x V100,128,54.63095238095238,93.0,0.0,33.707397
256,google/flan-t5-xxl,1 x A100,1,0.5872210953346856,20.0,4.6995115,16.66645
257,google/flan-t5-xxl,1 x A100,2,0.6705882352941176,21.0,4.6995115,16.804163
258,google/flan-t5-xxl,1 x A100,4,1.3076923076923077,21.0,4.6995115,17.09282
259,google/flan-t5-xxl,1 x A100,8,3.6080801551389774,22.0,4.6995115,17.771816
260,google/flan-t5-xxl,1 x A100,16,14.10005238344683,23.0,4.6995115,20.634802
261,google/flan-t5-xxl,1 x A100,32,44.01724137931034,23.0,4.6995115,24.60804
262,google/flan-t5-xxl,1 x A100,64,93.32142857142856,23.0,4.6995115,30.69432
263,google/flan-t5-xxl,1 x A100,128,192.09800323799243,23.0,4.6995115,34.958385
264,google/flan-t5-xxl,1 x H100,1,0.4367816091954023,15.0,4.6995115,14.479723
265,google/flan-t5-xxl,1 x H100,2,0.5357142857142857,17.0,4.6995115,14.60857
266,google/flan-t5-xxl,1 x H100,4,1.0165206508135167,17.0,4.6995115,14.877466
267,google/flan-t5-xxl,1 x H100,8,1.5443037974683544,18.0,4.6995115,15.430976
268,google/flan-t5-xxl,1 x H100,16,2.8068312284730195,24.0,4.6995115,17.923653
269,google/flan-t5-xxl,1 x H100,32,7.224972191323693,47.0,4.6995115,24.2762
270,google/flan-t5-xxl,1 x H100,64,19.488636363636363,84.0,4.6995115,62.458153
271,google/flan-t5-xxl,1 x H100,128,58.28409090909091,182.0,4.6995115,73.18469
272,google/flan-t5-xxl,2 x A10,1,0.7845185728250244,27.0,4.6995115,31.594248
273,google/flan-t5-xxl,2 x A10,2,0.9285714285714286,30.0,4.6995115,31.593012
274,google/flan-t5-xxl,2 x A10,4,1.7674418604651163,31.0,4.6995115,31.590525
275,google/flan-t5-xxl,2 x A10,8,3.568143459915612,32.0,4.6995115,31.51109
276,google/flan-t5-xxl,2 x A10,16,12.294117647058824,34.0,4.6995115,29.802773
277,google/flan-t5-xxl,2 x A10,32,43.85227272727273,37.0,4.6995115,40.684357
278,google/flan-t5-xxl,2 x A10,64,101.98507462686568,36.0,4.6995115,88.667015
279,google/flan-t5-xxl,2 x A10,128,200.11494252873564,38.0,4.6995115,99.15373
280,google/flan-t5-xxl,2 x A100,1,0.71669341894061,25.0,4.6995115,12.118703
281,google/flan-t5-xxl,2 x A100,2,0.7705996399390667,29.0,4.6995115,12.259711
282,google/flan-t5-xxl,2 x A100,4,1.6129032258064515,30.0,4.6995115,12.558136
283,google/flan-t5-xxl,2 x A100,8,2.3505747126436782,31.0,4.6995115,13.077093
284,google/flan-t5-xxl,2 x A100,16,3.7204301075268815,34.0,4.6995115,22.204758
285,google/flan-t5-xxl,2 x A100,32,7.308943089430894,52.0,4.6995115,35.167206
286,google/flan-t5-xxl,2 x A100,64,25.86206896551724,71.0,4.6995115,77.104706
287,google/flan-t5-xxl,2 x A100,128,83.04477611940298,139.0,4.6995115,87.59143
288,google/flan-t5-xxl,2 x H100,1,0.5411764705882353,19.0,4.6995115,17.411324
289,google/flan-t5-xxl,2 x H100,2,0.6785714285714286,24.0,4.6995115,17.581072
290,google/flan-t5-xxl,2 x H100,4,1.297872340425532,24.0,4.6995115,17.92057
291,google/flan-t5-xxl,2 x H100,8,1.804026741293532,25.0,4.6995115,18.59956
292,google/flan-t5-xxl,2 x H100,16,2.557478858350952,27.0,4.6995115,21.462555
293,google/flan-t5-xxl,2 x H100,32,4.331501831501831,39.0,4.6995115,24.816315
294,google/flan-t5-xxl,2 x H100,64,9.372093023255816,61.0,4.6995115,50.43875
295,google/flan-t5-xxl,2 x H100,128,30.666666666666668,93.0,4.6995115,61.165283
296,google/flan-t5-xxl,4 x A100,1,0.75,26.0,4.6995115,12.457378
297,google/flan-t5-xxl,4 x A100,2,0.8313253012048193,30.0,4.6995115,12.603559
298,google/flan-t5-xxl,4 x A100,4,1.705397431447414,31.0,4.6995115,12.861248
299,google/flan-t5-xxl,4 x A100,8,2.5304228619635136,33.0,4.6995115,13.376619
300,google/flan-t5-xxl,4 x A100,16,3.970149253731343,36.0,4.6995115,22.60571
301,google/flan-t5-xxl,4 x A100,32,8.819875776397515,47.0,4.6995115,33.55845
302,google/flan-t5-xxl,4 x A100,64,21.310344827586206,66.0,4.6995115,74.87968
303,google/flan-t5-xxl,4 x A100,128,61.99364924279433,89.0,4.6995115,85.366394
304,google/flan-t5-xxl,4 x H100,1,0.5357142857142857,18.0,4.6995115,16.74156
305,google/flan-t5-xxl,4 x H100,2,0.6941176470588235,23.0,4.6995115,16.879267
306,google/flan-t5-xxl,4 x H100,4,1.2664835164835164,24.0,4.6995115,17.185404
307,google/flan-t5-xxl,4 x H100,8,1.7616632860040569,25.0,4.6995115,17.864395
308,google/flan-t5-xxl,4 x H100,16,2.285058977719528,27.0,4.6995115,20.727386
309,google/flan-t5-xxl,4 x H100,32,3.476467331118494,34.0,4.6995115,24.631336
310,google/flan-t5-xxl,4 x H100,64,6.538461538461538,48.0,4.6995115,37.113934
311,google/flan-t5-xxl,4 x H100,128,14.08372877122877,76.0,4.6995115,44.156883
312,google/flan-t5-xxl,4 x T4,1,0.9534820824881676,27.0,4.6995115,30.625183
313,google/flan-t5-xxl,4 x T4,2,1.0804597701149423,30.0,4.6995115,30.523891
314,google/flan-t5-xxl,4 x T4,4,2.073808601317319,32.0,4.6995115,30.321321
315,google/flan-t5-xxl,4 x T4,8,3.933333333333333,35.0,4.6995115,29.916172
316,google/flan-t5-xxl,4 x T4,16,14.055555555555555,45.0,4.6995115,28.342743
317,google/flan-t5-xxl,4 x T4,32,51.190644932671866,55.0,4.6995115,42.808243
318,google/flan-t5-xxl,4 x T4,64,126.28735632183908,59.0,4.6995115,93.7128
319,google/flan-t5-xxl,4 x T4,128,255.6010695187166,71.0,4.6995115,104.199554
320,google/flan-t5-xxl,4 x V100,1,0.8224292518912861,29.0,4.6995115,22.04312
321,google/flan-t5-xxl,4 x V100,2,0.9763305322128852,34.0,4.6995115,22.696335
322,google/flan-t5-xxl,4 x V100,4,1.89010989010989,34.0,4.6995115,24.002758
323,google/flan-t5-xxl,4 x V100,8,3.1989927861712264,36.0,4.6995115,25.86581
324,google/flan-t5-xxl,4 x V100,16,8.0,44.0,4.6995115,32.830273
325,google/flan-t5-xxl,4 x V100,32,27.611940298507463,45.0,4.6995115,39.66381
326,google/flan-t5-xxl,4 x V100,64,75.36975407645014,49.0,4.6995115,80.259964
327,google/flan-t5-xxl,4 x V100,128,154.60919540229884,62.0,4.6995115,90.74667
328,google/flan-ul2,1 x H100,1,0.4819277108433735,19.0,1.4970872,21.958096
329,google/flan-ul2,1 x H100,2,0.6785714285714286,20.0,1.4970872,21.958096
330,google/flan-ul2,1 x H100,4,1.2558647026732133,21.0,1.4970872,21.958096
331,google/flan-ul2,1 x H100,8,1.9294117647058824,23.0,1.4970872,21.958096
332,google/flan-ul2,1 x H100,16,4.25,28.0,1.4970872,21.958096
333,google/flan-ul2,1 x H100,32,17.333333333333332,34.0,1.4970872,21.958096
334,google/flan-ul2,1 x H100,64,48.392405063291136,43.0,33.782906,37.118702
335,google/flan-ul2,1 x H100,128,104.76136363636364,40.0,59.564445,92.65201
336,google/flan-ul2,2 x A100,1,0.9166666666666666,35.0,1.4970872,23.239397
337,google/flan-ul2,2 x A100,2,1.0804597701149423,40.0,1.4970872,23.239397
338,google/flan-ul2,2 x A100,4,2.212072548649159,41.0,1.4970872,23.239397
339,google/flan-ul2,2 x A100,8,3.397727272727273,42.0,1.4970872,23.239397
340,google/flan-ul2,2 x A100,16,8.604949874686717,45.0,1.4970872,23.239397
341,google/flan-ul2,2 x A100,32,30.82758620689655,48.0,1.4970872,23.239397
342,google/flan-ul2,2 x A100,64,79.83132530120481,50.0,26.94656,37.840324
343,google/flan-ul2,2 x A100,128,168.4864341085271,52.0,52.7281,92.65201
344,google/flan-ul2,2 x H100,1,0.6358288770053475,24.0,1.4970872,21.8904
345,google/flan-ul2,2 x H100,2,0.8809523809523809,30.0,1.4970872,21.8904
346,google/flan-ul2,2 x H100,4,1.671641791044776,31.0,1.4970872,21.8904
347,google/flan-ul2,2 x H100,8,2.2366946778711485,32.0,1.4970872,21.8904
348,google/flan-ul2,2 x H100,16,3.1250161436135864,34.0,1.4970872,21.8904
349,google/flan-ul2,2 x H100,32,5.193789118921521,49.0,1.4970872,21.8904
350,google/flan-ul2,2 x H100,64,10.327423329682366,74.0,17.534428,37.07508
351,google/flan-ul2,2 x H100,128,23.257183908045977,122.0,43.315968,92.65201
352,google/flan-ul2,4 x A100,1,1.058139534883721,35.0,1.4970872,25.184235
353,google/flan-ul2,4 x A100,2,1.206896551724138,41.0,1.4970872,25.184235
354,google/flan-ul2,4 x A100,4,2.230769230769231,42.0,1.4970872,25.184235
355,google/flan-ul2,4 x A100,8,3.511904761904762,44.0,1.4970872,25.184235
356,google/flan-ul2,4 x A100,16,5.489583333333333,50.0,1.4970872,25.184235
357,google/flan-ul2,4 x A100,32,12.102564102564102,60.0,1.4970872,25.184235
358,google/flan-ul2,4 x A100,64,29.25,80.0,24.767233,38.866528
359,google/flan-ul2,4 x A100,128,104.0111111111111,122.0,50.548763,92.65201
360,google/flan-ul2,4 x H100,1,0.6162176797075944,23.0,1.4970872,20.59315
361,google/flan-ul2,4 x H100,2,0.8678571428571429,29.0,1.4970872,20.59315
362,google/flan-ul2,4 x H100,4,1.6382978723404256,30.0,1.4970872,20.59315
363,google/flan-ul2,4 x H100,8,2.206896551724138,31.0,1.4970872,20.59315
364,google/flan-ul2,4 x H100,16,2.871559633027523,34.0,1.4970872,20.59315
365,google/flan-ul2,4 x H100,32,4.269816154309825,42.0,1.4970872,20.59315
366,google/flan-ul2,4 x H100,64,7.2913673040787,58.0,10.671933,35.769234
367,google/flan-ul2,4 x H100,128,15.359337035751476,89.0,36.45346,92.65202
368,ibm/mpt-7b-instruct2,1 x A100,1,0.3652233115468409,15.0,3.244205,26.336584
369,ibm/mpt-7b-instruct2,1 x A100,2,0.4337349397590361,17.0,3.5178337,26.336584
370,ibm/mpt-7b-instruct2,1 x A100,4,0.8770911360799001,22.0,4.0394692,26.699505
371,ibm/mpt-7b-instruct2,1 x A100,8,2.5384615384615383,27.0,5.995122,28.28584
372,ibm/mpt-7b-instruct2,1 x A100,16,11.068181818181818,30.0,13.812198,31.710432
373,ibm/mpt-7b-instruct2,1 x A100,32,29.940096618357487,34.0,27.431973,38.643574
374,ibm/mpt-7b-instruct2,1 x A100,64,75.1256555634302,33.0,68.93919,44.930542
375,ibm/mpt-7b-instruct2,1 x A100,128,153.4512735326689,33.0,155.78104,48.199547
376,ibm/mpt-7b-instruct2,1 x H100,1,0.1954022988505747,10.0,1.1299629,20.35254
377,ibm/mpt-7b-instruct2,1 x H100,2,0.2650602409638554,11.0,1.547524,20.35254
378,ibm/mpt-7b-instruct2,1 x H100,4,0.6067415730337079,14.0,1.551105,20.714716
379,ibm/mpt-7b-instruct2,1 x H100,8,1.2941176470588236,22.0,1.8188757,22.48203
380,ibm/mpt-7b-instruct2,1 x H100,16,2.880434782608696,35.0,3.337202,26.229074
381,ibm/mpt-7b-instruct2,1 x H100,32,7.977011494252873,59.0,4.5878015,33.020184
382,ibm/mpt-7b-instruct2,1 x H100,64,29.63529411764706,90.0,6.7434897,38.10366
383,ibm/mpt-7b-instruct2,1 x H100,128,83.95294117647059,108.0,16.377674,39.624126
384,llama-13b,1 x A100,1,0.5228219368274905,24.0,0.0,13.0215
385,llama-13b,1 x A100,2,0.5833333333333334,25.0,0.0,13.0215
386,llama-13b,1 x A100,4,1.2367609974782852,28.0,0.0,13.0215
387,llama-13b,1 x A100,8,2.225806451612903,32.0,0.0,13.0215
388,llama-13b,1 x A100,16,3.852272727272727,38.0,0.0,13.0215
389,llama-13b,1 x A100,32,21.42307692307692,48.0,0.0,24.226467
390,llama-13b,1 x A100,64,78.94444444444444,44.0,0.0,31.752237
391,llama-13b,1 x A100,128,106.3622273249139,116.0,0.0,57.537983
392,llama-13b,1 x H100,1,0.2736453201970443,13.0,0.0,13.0215
393,llama-13b,1 x H100,2,0.3944954128440367,14.0,0.0,13.0215
394,llama-13b,1 x H100,4,0.7176470588235294,16.0,0.0,13.0215
395,llama-13b,1 x H100,8,1.2043010752688172,18.0,0.0,13.0215
396,llama-13b,1 x H100,16,2.096774193548387,23.0,0.0,16.263279
397,llama-13b,1 x H100,32,3.7093023255813953,35.0,0.0,24.410452
398,llama-13b,1 x H100,64,7.256410256410256,60.0,0.0,33.266747
399,llama-13b,1 x H100,128,18.981426202321725,92.0,0.0,59.583046
400,llama-13b,2 x A10,1,0.7045454545454546,33.0,0.0,52.83905
401,llama-13b,2 x A10,2,0.9620253164556962,36.0,0.0,55.44957
402,llama-13b,2 x A10,4,1.788888888888889,42.0,0.0,60.670616
403,llama-13b,2 x A10,8,3.237021276595745,46.0,0.0,61.614044
404,llama-13b,2 x A10,16,5.3977272727272725,55.0,0.0,67.677895
405,llama-13b,2 x A10,32,9.792857142857144,71.0,0.0,93.417366
406,llama-13b,2 x A10,64,37.34177215189873,86.0,0.0,119.09773
407,llama-13b,2 x A10,128,104.01106233538192,151.0,0.0,148.32379
408,llama-13b,2 x A100,1,0.4470588235294118,18.0,0.0,24.076965
409,llama-13b,2 x A100,2,0.5542168674698795,19.0,0.0,24.31182
410,llama-13b,2 x A100,4,0.9285714285714286,21.0,0.0,18.928085
411,llama-13b,2 x A100,8,1.6889136077122728,24.0,0.0,19.390934
412,llama-13b,2 x A100,16,2.4578313253012047,29.0,0.0,23.127846
413,llama-13b,2 x A100,32,4.227272727272728,40.0,0.0,41.668453
414,llama-13b,2 x A100,64,7.613574660633484,65.0,0.0,67.22845
415,llama-13b,2 x A100,128,16.73076923076923,102.0,0.0,96.45448
416,llama-13b,2 x H100,1,0.2634825014343087,13.0,0.0,13.0215
417,llama-13b,2 x H100,2,0.3761467889908257,14.0,0.0,13.0215
418,llama-13b,2 x H100,4,0.6705882352941176,15.0,0.0,13.0215
419,llama-13b,2 x H100,8,0.9862081995087852,16.0,0.0,13.0215
420,llama-13b,2 x H100,16,1.5319148936170213,19.0,0.0,19.02309
421,llama-13b,2 x H100,32,2.491553169198533,27.0,0.0,21.85119
422,llama-13b,2 x H100,64,4.341061377646744,45.0,0.0,34.810135
423,llama-13b,2 x H100,128,8.944954128440367,84.0,0.0,61.667095
424,llama-13b,4 x A100,1,0.4776948590381426,17.0,0.0,24.209797
425,llama-13b,4 x A100,2,0.5773919206236711,18.0,0.0,24.41324
426,llama-13b,4 x A100,4,1.0,19.0,0.0,19.693508
427,llama-13b,4 x A100,8,1.7383658008658007,21.0,0.0,20.245533
428,llama-13b,4 x A100,16,2.623529411764706,25.0,0.0,24.05555
429,llama-13b,4 x A100,32,4.431818181818182,33.0,0.0,43.024567
430,llama-13b,4 x A100,64,8.131151457238413,52.0,0.0,68.70494
431,llama-13b,4 x A100,128,16.931782945736437,91.0,0.0,97.930984
432,llama-13b,4 x H100,1,0.2650602409638554,12.0,0.0,13.0215
433,llama-13b,4 x H100,2,0.3880597014925373,14.0,0.0,13.0215
434,llama-13b,4 x H100,4,0.6607370659107017,14.0,0.0,13.0215
435,llama-13b,4 x H100,8,0.9402985074626866,16.0,0.0,13.0215
436,llama-13b,4 x H100,16,1.358974358974359,18.0,0.0,18.699768
437,llama-13b,4 x H100,32,2.0384615384615383,23.0,0.0,22.436764
438,llama-13b,4 x H100,64,3.3467763509898343,35.0,0.0,34.521152
439,llama-13b,4 x H100,128,6.264367816091954,63.0,0.0,61.276882
440,llama-13b,4 x T4,1,0.8371872887085869,32.0,0.0,49.06482
441,llama-13b,4 x T4,2,1.0559196155526431,36.0,0.0,51.675335
442,llama-13b,4 x T4,4,2.036144578313253,40.0,0.0,56.896366
443,llama-13b,4 x T4,8,3.630434782608696,46.0,0.0,57.8398
444,llama-13b,4 x T4,16,6.850574712643678,58.0,0.0,63.903656
445,llama-13b,4 x T4,32,12.759823576583802,82.0,0.0,89.643135
446,llama-13b,4 x T4,64,34.12222222222222,119.0,0.0,115.32349
447,llama-13b,4 x T4,128,96.3181818181818,255.0,0.0,144.54956
448,llama-7b,1 x A10,1,0.5862068965517241,31.0,4.7210836,33.265137
449,llama-7b,1 x A10,2,0.7745989304812835,35.0,4.7210836,33.265137
450,llama-7b,1 x A10,4,1.6627450980392158,39.0,4.7210836,33.265137
451,llama-7b,1 x A10,8,2.989010989010989,43.0,4.7210836,33.265137
452,llama-7b,1 x A10,16,5.188172043010752,51.0,4.7210836,33.265137
453,llama-7b,1 x A10,32,26.66053511705686,61.0,4.7210836,33.265137
454,llama-7b,1 x A10,64,115.16521739130437,1182.0,4.7210836,33.265137
455,llama-7b,1 x A10,128,186.61347517730496,161.0,4.7210836,33.265137
456,llama-7b,1 x A100,1,0.3647058823529411,13.0,4.7210836,33.265137
457,llama-7b,1 x A100,2,0.4096385542168674,14.0,4.7210836,33.265137
458,llama-7b,1 x A100,4,0.7640449438202247,16.0,4.7210836,33.265137
459,llama-7b,1 x A100,8,1.3829787234042554,20.0,4.7210836,33.265137
460,llama-7b,1 x A100,16,2.290584415584416,25.0,4.7210836,33.265137
461,llama-7b,1 x A100,32,4.4944444444444445,38.0,4.7210836,33.265137
462,llama-7b,1 x A100,64,9.714244663382594,59.0,4.7210836,33.265137
463,llama-7b,1 x A100,128,91.8825910931174,89.0,4.7210836,33.265137
464,llama-7b,1 x H100,1,0.2044232649071359,8.0,4.7210836,33.265137
465,llama-7b,1 x H100,2,0.2298850574712643,9.0,4.7210836,33.265137
466,llama-7b,1 x H100,4,0.4626865671641791,10.0,4.7210836,33.265137
467,llama-7b,1 x H100,8,0.8285714285714286,12.0,4.7210836,33.265137
468,llama-7b,1 x H100,16,1.4474877450980392,16.0,4.7210836,33.265137
469,llama-7b,1 x H100,32,2.598913043478261,24.0,4.7210836,33.265137
470,llama-7b,1 x H100,64,5.0,44.0,4.7210836,33.265137
471,llama-7b,1 x H100,128,10.733333333333333,78.0,4.7210836,33.265137
472,llama-7b,2 x A10,1,0.4925373134328358,19.0,4.7210836,33.265137
473,llama-7b,2 x A10,2,0.5856130923302394,21.0,4.7210836,33.265137
474,llama-7b,2 x A10,4,1.065217391304348,23.0,4.7210836,33.265137
475,llama-7b,2 x A10,8,1.9310344827586208,28.0,4.7210836,33.265137
476,llama-7b,2 x A10,16,3.155694205393001,34.0,4.7210836,33.265137
477,llama-7b,2 x A10,32,5.662745098039216,47.0,4.7210836,33.265137
478,llama-7b,2 x A10,64,10.48304961443329,78.0,4.7210836,33.265137
479,llama-7b,2 x A10,128,35.18023255813954,112.0,4.7210836,33.265137
480,llama-7b,2 x A100,1,0.3516483516483517,14.0,4.7210836,33.265137
481,llama-7b,2 x A100,2,0.4166666666666667,15.0,4.7210836,33.265137
482,llama-7b,2 x A100,4,0.7659574468085106,16.0,4.7210836,33.265137
483,llama-7b,2 x A100,8,1.2903225806451613,18.0,4.7210836,33.265137
484,llama-7b,2 x A100,16,1.870967741935484,22.0,4.7210836,33.265137
485,llama-7b,2 x A100,32,2.988741302972802,31.0,4.7210836,33.265137
486,llama-7b,2 x A100,64,5.471264367816092,50.0,4.7210836,33.265137
487,llama-7b,2 x A100,128,11.021739130434783,93.0,4.7210836,33.265137
488,llama-7b,2 x H100,1,0.2325581395348837,10.0,4.7210836,33.265137
489,llama-7b,2 x H100,2,0.2771084337349397,11.0,4.7210836,33.265137
490,llama-7b,2 x H100,4,0.5333333333333333,12.0,4.7210836,33.265137
491,llama-7b,2 x H100,8,0.8153997378768021,14.0,4.7210836,33.265137
492,llama-7b,2 x H100,16,1.2422222222222223,16.0,4.7210836,33.265137
493,llama-7b,2 x H100,32,1.9204545454545447,22.0,4.7210836,33.265137
494,llama-7b,2 x H100,64,3.404374850585704,35.0,4.7210836,33.265137
495,llama-7b,2 x H100,128,6.643650793650794,65.0,4.7210836,33.265137
496,llama-7b,2 x T4,1,0.7513440860215054,32.0,4.7210836,33.265137
497,llama-7b,2 x T4,2,0.988883399209486,37.0,4.7210836,33.265137
498,llama-7b,2 x T4,4,2.0416666666666665,41.0,4.7210836,33.265137
499,llama-7b,2 x T4,8,3.7048494983277593,48.0,4.7210836,33.265137
500,llama-7b,2 x T4,16,6.579545454545454,59.0,4.7210836,33.265137
501,llama-7b,2 x T4,32,12.284090909090908,88.0,4.7210836,33.265137
502,llama-7b,2 x T4,64,45.75156739811912,112.0,4.7210836,33.265137
503,llama-7b,2 x T4,128,126.97435897435898,212.0,4.7210836,33.265137
504,llama-7b,4 x A100,1,0.3898467432950191,14.0,4.7210836,33.265137
505,llama-7b,4 x A100,2,0.4888888888888889,15.0,4.7210836,33.265137
506,llama-7b,4 x A100,4,0.8314606741573034,16.0,4.7210836,33.265137
507,llama-7b,4 x A100,8,1.403620196887901,18.0,4.7210836,33.265137
508,llama-7b,4 x A100,16,2.0944940476190474,21.0,4.7210836,33.265137
509,llama-7b,4 x A100,32,3.4022988505747125,27.0,4.7210836,33.265137
510,llama-7b,4 x A100,64,6.126436781609195,42.0,4.7210836,33.265137
511,llama-7b,4 x A100,128,12.141304347826088,76.0,4.7210836,33.265137
512,llama-7b,4 x H100,1,0.2261904761904762,10.0,4.7210836,33.265137
513,llama-7b,4 x H100,2,0.2960427221689716,11.0,4.7210836,33.265137
514,llama-7b,4 x H100,4,0.5225576662143826,12.0,4.7210836,33.265137
515,llama-7b,4 x H100,8,0.7646991535117822,13.0,4.7210836,33.265137
516,llama-7b,4 x H100,16,1.101123595505618,15.0,4.7210836,33.265137
517,llama-7b,4 x H100,32,1.6405128205128203,20.0,4.7210836,33.265137
518,llama-7b,4 x H100,64,2.791044776119403,30.0,4.7210836,33.265137
519,llama-7b,4 x H100,128,5.277443105756358,53.0,4.7210836,33.265137
520,llama-7b,4 x T4,1,0.5985074626865672,18.0,4.7210836,33.265137
521,llama-7b,4 x T4,2,0.7176470588235294,21.0,4.7210836,33.265137
522,llama-7b,4 x T4,4,1.2148795871559632,24.0,4.7210836,33.265137
523,llama-7b,4 x T4,8,2.25,28.0,4.7210836,33.265137
524,llama-7b,4 x T4,16,3.988365800865801,37.0,4.7210836,33.265137
525,llama-7b,4 x T4,32,7.313186813186813,55.0,4.7210836,33.265137
526,llama-7b,4 x T4,64,13.799603174603174,88.0,4.7210836,33.265137
527,llama-7b,4 x T4,128,28.808988764044944,140.0,4.7210836,33.265137
