,smpnum,reqnum,errors,status,model,num_users,requests,latency_ms,records,n_gpus,gpu_type,start_timestamp,end_timestamp,experiment_duration_s,n_input_tokens,n_output_tokens,latency_ms_per_token,timestamps_per_token
0,879,0,[],200,EleutherAI/gpt-neox-20b,1,1,2698.0,1,2,A10,1697031257783,1697031260481,120,39,55,"[16, 173, 47, 47, 47, 47, 48, 47, 48, 48, 47, 47, 47, 47, 47, 47, 47, 47, 48, 47, 48, 47, 47, 47, 47, 47, 47, 48, 47, 47, 47, 47, 47, 47, 48, 47, 47, 48, 47, 47, 48, 48, 47, 47, 47, 47, 48, 47, 47, 52, 48, 47, 47, 47, 48]","[1697031257799, 1697031257972, 1697031258019, 1697031258066, 1697031258113, 1697031258160, 1697031258208, 1697031258255, 1697031258303, 1697031258351, 1697031258398, 1697031258445, 1697031258492, 1697031258539, 1697031258586, 1697031258633, 1697031258680, 1697031258727, 1697031258775, 1697031258822, 1697031258870, 1697031258917, 1697031258964, 1697031259011, 1697031259058, 1697031259105, 1697031259152, 1697031259200, 1697031259247, 1697031259294, 1697031259341, 1697031259388, 1697031259435, 1697031259482, 1697031259530, 1697031259577, 1697031259624, 1697031259672, 1697031259719, 1697031259766, 1697031259814, 1697031259862, 1697031259909, 1697031259956, 1697031260003, 1697031260050, 1697031260098, 1697031260145, 1697031260192, 1697031260244, 1697031260292, 1697031260339, 1697031260386, 1697031260433, 1697031260481]"
1,562,1,[],200,EleutherAI/gpt-neox-20b,1,1,1900.0,1,2,A10,1697031260484,1697031262384,120,67,39,"[17, 129, 47, 47, 47, 47, 48, 47, 47, 47, 47, 47, 48, 47, 49, 47, 52, 47, 47, 47, 48, 47, 47, 47, 47, 47, 47, 48, 47, 47, 48, 47, 47, 48, 47, 47, 47, 48, 47]","[1697031260501, 1697031260630, 1697031260677, 1697031260724, 1697031260771, 1697031260818, 1697031260866, 1697031260913, 1697031260960, 1697031261007, 1697031261054, 1697031261101, 1697031261149, 1697031261196, 1697031261245, 1697031261292, 1697031261344, 1697031261391, 1697031261438, 1697031261485, 1697031261533, 1697031261580, 1697031261627, 1697031261674, 1697031261721, 1697031261768, 1697031261815, 1697031261863, 1697031261910, 1697031261957, 1697031262005, 1697031262052, 1697031262099, 1697031262147, 1697031262194, 1697031262241, 1697031262288, 1697031262336, 1697031262383]"
2,156,2,[],200,EleutherAI/gpt-neox-20b,1,1,1005.0,1,2,A10,1697031262387,1697031263392,120,86,20,"[16, 134, 49, 48, 47, 47, 47, 48, 47, 47, 48, 47, 47, 48, 47, 47, 48, 47, 48, 48]","[1697031262403, 1697031262537, 1697031262586, 1697031262634, 1697031262681, 1697031262728, 1697031262775, 1697031262823, 1697031262870, 1697031262917, 1697031262965, 1697031263012, 1697031263059, 1697031263107, 1697031263154, 1697031263201, 1697031263249, 1697031263296, 1697031263344, 1697031263392]"
3,669,3,[],200,EleutherAI/gpt-neox-20b,1,1,991.0,1,2,A10,1697031263395,1697031264386,120,83,20,"[16, 117, 48, 47, 47, 47, 48, 47, 47, 48, 47, 47, 47, 48, 47, 47, 48, 52, 48, 48]","[1697031263411, 1697031263528, 1697031263576, 1697031263623, 1697031263670, 1697031263717, 1697031263765, 1697031263812, 1697031263859, 1697031263907, 1697031263954, 1697031264001, 1697031264048, 1697031264096, 1697031264143, 1697031264190, 1697031264238, 1697031264290, 1697031264338, 1697031264386]"
4,227,4,[],200,EleutherAI/gpt-neox-20b,1,1,1313.0,1,2,A10,1697031264389,1697031265702,120,364,25,"[17, 140, 48, 48, 48, 48, 47, 48, 48, 47, 48, 48, 47, 48, 48, 48, 48, 52, 51, 48, 48, 47, 48, 48, 48, 48]","[1697031264406, 1697031264546, 1697031264594, 1697031264642, 1697031264690, 1697031264738, 1697031264785, 1697031264833, 1697031264881, 1697031264928, 1697031264976, 1697031265024, 1697031265071, 1697031265119, 1697031265167, 1697031265215, 1697031265263, 1697031265315, 1697031265366, 1697031265414, 1697031265462, 1697031265509, 1697031265557, 1697031265605, 1697031265653, 1697031265701]"
5,747,5,[],200,EleutherAI/gpt-neox-20b,1,1,1793.0,1,2,A10,1697031265705,1697031267498,120,140,36,"[15, 145, 49, 48, 47, 47, 48, 47, 48, 47, 47, 52, 55, 47, 47, 47, 48, 47, 48, 47, 48, 47, 47, 48, 47, 47, 48, 47, 47, 47, 48, 47, 52, 52, 47, 48]","[1697031265720, 1697031265865, 1697031265914, 1697031265962, 1697031266009, 1697031266056, 1697031266104, 1697031266151, 1697031266199, 1697031266246, 1697031266293, 1697031266345, 1697031266400, 1697031266447, 1697031266494, 1697031266541, 1697031266589, 1697031266636, 1697031266684, 1697031266731, 1697031266779, 1697031266826, 1697031266873, 1697031266921, 1697031266968, 1697031267015, 1697031267063, 1697031267110, 1697031267157, 1697031267204, 1697031267252, 1697031267299, 1697031267351, 1697031267403, 1697031267450, 1697031267498]"
6,333,6,[],200,EleutherAI/gpt-neox-20b,1,1,750.0,1,2,A10,1697031267501,1697031268251,120,563,11,"[18, 298, 48, 48, 48, 48, 48, 48, 49, 48, 48]","[1697031267519, 1697031267817, 1697031267865, 1697031267913, 1697031267961, 1697031268009, 1697031268057, 1697031268105, 1697031268154, 1697031268202, 1697031268250]"
7,854,7,[],200,EleutherAI/gpt-neox-20b,1,1,1421.0,1,2,A10,1697031268253,1697031269674,120,67,29,"[18, 116, 47, 48, 47, 47, 47, 48, 47, 47, 48, 47, 47, 47, 47, 47, 48, 47, 47, 48, 47, 47, 52, 53, 47, 48, 47, 47, 47]","[1697031268271, 1697031268387, 1697031268434, 1697031268482, 1697031268529, 1697031268576, 1697031268623, 1697031268671, 1697031268718, 1697031268765, 1697031268813, 1697031268860, 1697031268907, 1697031268954, 1697031269001, 1697031269048, 1697031269096, 1697031269143, 1697031269190, 1697031269238, 1697031269285, 1697031269332, 1697031269384, 1697031269437, 1697031269484, 1697031269532, 1697031269579, 1697031269626, 1697031269673]"
8,419,8,[],200,EleutherAI/gpt-neox-20b,1,1,989.0,1,2,A10,1697031269677,1697031270666,120,88,20,"[17, 117, 48, 47, 47, 48, 48, 47, 47, 48, 47, 48, 47, 47, 48, 47, 48, 47, 48, 48]","[1697031269694, 1697031269811, 1697031269859, 1697031269906, 1697031269953, 1697031270001, 1697031270049, 1697031270096, 1697031270143, 1697031270191, 1697031270238, 1697031270286, 1697031270333, 1697031270380, 1697031270428, 1697031270475, 1697031270523, 1697031270570, 1697031270618, 1697031270666]"
9,4,9,[],200,EleutherAI/gpt-neox-20b,1,1,996.0,1,2,A10,1697031270669,1697031271665,120,89,20,"[18, 118, 47, 47, 48, 47, 47, 48, 47, 48, 47, 48, 47, 48, 47, 52, 48, 48, 48, 48]","[1697031270687, 1697031270805, 1697031270852, 1697031270899, 1697031270947, 1697031270994, 1697031271041, 1697031271089, 1697031271136, 1697031271184, 1697031271231, 1697031271279, 1697031271326, 1697031271374, 1697031271421, 1697031271473, 1697031271521, 1697031271569, 1697031271617, 1697031271665]"
10,526,10,[],200,EleutherAI/gpt-neox-20b,1,1,1002.0,1,2,A10,1697031271668,1697031272670,120,89,20,"[15, 123, 48, 47, 47, 48, 47, 47, 48, 47, 47, 48, 47, 47, 52, 53, 47, 48, 48, 48]","[1697031271683, 1697031271806, 1697031271854, 1697031271901, 1697031271948, 1697031271996, 1697031272043, 1697031272090, 1697031272138, 1697031272185, 1697031272232, 1697031272280, 1697031272327, 1697031272374, 1697031272426, 1697031272479, 1697031272526, 1697031272574, 1697031272622, 1697031272670]"
11,85,11,[],200,EleutherAI/gpt-neox-20b,1,1,1005.0,1,2,A10,1697031272673,1697031273678,120,88,20,"[15, 126, 48, 47, 47, 48, 47, 47, 48, 47, 47, 48, 47, 47, 52, 52, 47, 48, 49, 47]","[1697031272688, 1697031272814, 1697031272862, 1697031272909, 1697031272956, 1697031273004, 1697031273051, 1697031273098, 1697031273146, 1697031273193, 1697031273240, 1697031273288, 1697031273335, 1697031273382, 1697031273434, 1697031273486, 1697031273533, 1697031273581, 1697031273630, 1697031273677]"
12,597,12,[],200,EleutherAI/gpt-neox-20b,1,1,80.0,1,2,A10,1697031273681,1697031273761,120,39,1,"[17, 62]","[1697031273698, 1697031273760]"
13,189,13,[],200,EleutherAI/gpt-neox-20b,1,1,993.0,1,2,A10,1697031273763,1697031274756,120,88,20,"[13, 125, 48, 47, 47, 48, 47, 47, 48, 47, 47, 48, 47, 47, 48, 47, 48, 48, 48, 48]","[1697031273776, 1697031273901, 1697031273949, 1697031273996, 1697031274043, 1697031274091, 1697031274138, 1697031274185, 1697031274233, 1697031274280, 1697031274327, 1697031274375, 1697031274422, 1697031274469, 1697031274517, 1697031274564, 1697031274612, 1697031274660, 1697031274708, 1697031274756]"
14,704,14,[],200,EleutherAI/gpt-neox-20b,1,1,75.0,1,2,A10,1697031274760,1697031274835,120,14,1,"[15, 60]","[1697031274775, 1697031274835]"
15,379,15,[],200,EleutherAI/gpt-neox-20b,1,1,1020.0,1,2,A10,1697031274836,1697031275856,120,182,20,"[15, 147, 48, 47, 47, 47, 47, 47, 48, 47, 47, 47, 52, 47, 47, 48, 48, 48, 47, 48]","[1697031274851, 1697031274998, 1697031275046, 1697031275093, 1697031275140, 1697031275187, 1697031275234, 1697031275281, 1697031275329, 1697031275376, 1697031275423, 1697031275470, 1697031275522, 1697031275569, 1697031275616, 1697031275664, 1697031275712, 1697031275760, 1697031275807, 1697031275855]"
16,905,16,[],200,EleutherAI/gpt-neox-20b,1,1,85.0,1,2,A10,1697031275859,1697031275944,120,11,1,"[16, 68]","[1697031275875, 1697031275943]"
17,490,17,[],200,EleutherAI/gpt-neox-20b,1,1,259.0,1,2,A10,1697031275946,1697031276205,120,11,5,"[7, 110, 47, 48, 47]","[1697031275953, 1697031276063, 1697031276110, 1697031276158, 1697031276205]"
18,51,18,[],200,EleutherAI/gpt-neox-20b,1,1,1842.0,1,2,A10,1697031276208,1697031278050,120,364,36,"[6, 195, 53, 47, 48, 48, 48, 48, 48, 48, 48, 48, 48, 48, 48, 48, 48, 48, 48, 47, 48, 48, 48, 52, 47, 49, 47, 49, 47, 49, 48, 48, 48, 50, 48, 48]","[1697031276214, 1697031276409, 1697031276462, 1697031276509, 1697031276557, 1697031276605, 1697031276653, 1697031276701, 1697031276749, 1697031276797, 1697031276845, 1697031276893, 1697031276941, 1697031276989, 1697031277037, 1697031277085, 1697031277133, 1697031277181, 1697031277229, 1697031277276, 1697031277324, 1697031277372, 1697031277420, 1697031277472, 1697031277519, 1697031277568, 1697031277615, 1697031277664, 1697031277711, 1697031277760, 1697031277808, 1697031277856, 1697031277904, 1697031277954, 1697031278002, 1697031278050]"
19,572,19,[],200,EleutherAI/gpt-neox-20b,1,1,91.0,1,2,A10,1697031278054,1697031278145,120,16,1,"[17, 74]","[1697031278071, 1697031278145]"
20,155,20,[],200,EleutherAI/gpt-neox-20b,1,1,1008.0,1,2,A10,1697031278148,1697031279156,120,90,20,"[15, 125, 48, 47, 47, 54, 52, 47, 48, 47, 48, 48, 48, 47, 48, 47, 48, 48, 48, 48]","[1697031278163, 1697031278288, 1697031278336, 1697031278383, 1697031278430, 1697031278484, 1697031278536, 1697031278583, 1697031278631, 1697031278678, 1697031278726, 1697031278774, 1697031278822, 1697031278869, 1697031278917, 1697031278964, 1697031279012, 1697031279060, 1697031279108, 1697031279156]"
21,677,21,[],200,EleutherAI/gpt-neox-20b,1,1,77.0,1,2,A10,1697031279159,1697031279236,120,9,1,"[17, 60]","[1697031279176, 1697031279236]"
22,236,22,[],200,EleutherAI/gpt-neox-20b,1,1,79.0,1,2,A10,1697031279240,1697031279319,120,8,1,"[13, 66]","[1697031279253, 1697031279319]"
23,755,23,[],200,EleutherAI/gpt-neox-20b,1,1,1303.0,1,2,A10,1697031279322,1697031280625,120,286,25,"[8, 188, 51, 48, 48, 47, 48, 47, 48, 48, 48, 48, 47, 48, 48, 49, 48, 47, 48, 48, 48, 47, 48, 52, 48]","[1697031279330, 1697031279518, 1697031279569, 1697031279617, 1697031279665, 1697031279712, 1697031279760, 1697031279807, 1697031279855, 1697031279903, 1697031279951, 1697031279999, 1697031280046, 1697031280094, 1697031280142, 1697031280191, 1697031280239, 1697031280286, 1697031280334, 1697031280382, 1697031280430, 1697031280477, 1697031280525, 1697031280577, 1697031280625]"
24,347,24,[],200,EleutherAI/gpt-neox-20b,1,1,3471.0,1,2,A10,1697031280629,1697031284100,120,100,72,"[16, 126, 47, 47, 49, 47, 48, 47, 47, 48, 47, 47, 47, 48, 47, 48, 47, 48, 52, 48, 47, 47, 47, 48, 47, 47, 48, 47, 47, 47, 48, 48, 47, 47, 48, 47, 48, 47, 48, 48, 47, 48, 47, 47, 48, 47, 48, 47, 48, 47, 48, 47, 47, 48, 47, 48, 47, 48, 47, 52, 47, 48, 47, 48, 47, 47, 48, 47, 48, 47, 47, 48]","[1697031280645, 1697031280771, 1697031280818, 1697031280865, 1697031280914, 1697031280961, 1697031281009, 1697031281056, 1697031281103, 1697031281151, 1697031281198, 1697031281245, 1697031281292, 1697031281340, 1697031281387, 1697031281435, 1697031281482, 1697031281530, 1697031281582, 1697031281630, 1697031281677, 1697031281724, 1697031281771, 1697031281819, 1697031281866, 1697031281913, 1697031281961, 1697031282008, 1697031282055, 1697031282102, 1697031282150, 1697031282198, 1697031282245, 1697031282292, 1697031282340, 1697031282387, 1697031282435, 1697031282482, 1697031282530, 1697031282578, 1697031282625, 1697031282673, 1697031282720, 1697031282767, 1697031282815, 1697031282862, 1697031282910, 1697031282957, 1697031283005, 1697031283052, 1697031283100, 1697031283147, 1697031283194, 1697031283242, 1697031283289, 1697031283337, 1697031283384, 1697031283432, 1697031283479, 1697031283531, 1697031283578, 1697031283626, 1697031283673, 1697031283721, 1697031283768, 1697031283815, 1697031283863, 1697031283910, 1697031283958, 1697031284005, 1697031284052, 1697031284100]"
25,833,25,[],200,EleutherAI/gpt-neox-20b,1,1,608.0,1,2,A10,1697031284103,1697031284711,120,563,8,"[16, 299, 49, 48, 48, 51, 49, 48]","[1697031284119, 1697031284418, 1697031284467, 1697031284515, 1697031284563, 1697031284614, 1697031284663, 1697031284711]"
26,422,26,[],200,EleutherAI/gpt-neox-20b,1,1,77.0,1,2,A10,1697031284716,1697031284793,120,26,1,"[10, 67]","[1697031284726, 1697031284793]"
27,12,27,[],200,EleutherAI/gpt-neox-20b,1,1,83.0,1,2,A10,1697031284795,1697031284878,120,11,1,"[16, 67]","[1697031284811, 1697031284878]"
28,525,28,[],200,EleutherAI/gpt-neox-20b,1,1,2704.0,1,2,A10,1697031284879,1697031287583,120,216,55,"[10, 158, 48, 47, 48, 47, 48, 47, 48, 47, 48, 48, 47, 51, 48, 48, 48, 48, 48, 47, 48, 47, 48, 48, 47, 48, 48, 47, 48, 47, 48, 48, 47, 48, 52, 50, 47, 48, 48, 47, 48, 48, 47, 48, 48, 47, 48, 48, 47, 48, 47, 48, 48, 48, 48]","[1697031284889, 1697031285047, 1697031285095, 1697031285142, 1697031285190, 1697031285237, 1697031285285, 1697031285332, 1697031285380, 1697031285427, 1697031285475, 1697031285523, 1697031285570, 1697031285621, 1697031285669, 1697031285717, 1697031285765, 1697031285813, 1697031285861, 1697031285908, 1697031285956, 1697031286003, 1697031286051, 1697031286099, 1697031286146, 1697031286194, 1697031286242, 1697031286289, 1697031286337, 1697031286384, 1697031286432, 1697031286480, 1697031286527, 1697031286575, 1697031286627, 1697031286677, 1697031286724, 1697031286772, 1697031286820, 1697031286867, 1697031286915, 1697031286963, 1697031287010, 1697031287058, 1697031287106, 1697031287153, 1697031287201, 1697031287249, 1697031287296, 1697031287344, 1697031287391, 1697031287439, 1697031287487, 1697031287535, 1697031287583]"
29,202,29,[],200,EleutherAI/gpt-neox-20b,1,1,3863.0,1,2,A10,1697031287587,1697031291450,120,874,72,"[16, 396, 49, 49, 49, 49, 49, 49, 49, 49, 49, 49, 49, 49, 52, 49, 49, 49, 49, 49, 49, 49, 49, 49, 50, 49, 49, 49, 49, 49, 50, 49, 49, 54, 49, 49, 50, 49, 49, 49, 49, 50, 49, 49, 49, 49, 50, 49, 49, 49, 49, 49, 49, 49, 50, 53, 49, 49, 49, 50, 49, 49, 49, 49, 49, 50, 49, 49, 49, 49, 49, 50]","[1697031287603, 1697031287999, 1697031288048, 1697031288097, 1697031288146, 1697031288195, 1697031288244, 1697031288293, 1697031288342, 1697031288391, 1697031288440, 1697031288489, 1697031288538, 1697031288587, 1697031288639, 1697031288688, 1697031288737, 1697031288786, 1697031288835, 1697031288884, 1697031288933, 1697031288982, 1697031289031, 1697031289080, 1697031289130, 1697031289179, 1697031289228, 1697031289277, 1697031289326, 1697031289375, 1697031289425, 1697031289474, 1697031289523, 1697031289577, 1697031289626, 1697031289675, 1697031289725, 1697031289774, 1697031289823, 1697031289872, 1697031289921, 1697031289971, 1697031290020, 1697031290069, 1697031290118, 1697031290167, 1697031290217, 1697031290266, 1697031290315, 1697031290364, 1697031290413, 1697031290462, 1697031290511, 1697031290560, 1697031290610, 1697031290663, 1697031290712, 1697031290761, 1697031290810, 1697031290860, 1697031290909, 1697031290958, 1697031291007, 1697031291056, 1697031291105, 1697031291155, 1697031291204, 1697031291253, 1697031291302, 1697031291351, 1697031291400, 1697031291450]"
30,723,30,[],200,EleutherAI/gpt-neox-20b,1,1,86.0,1,2,A10,1697031291453,1697031291539,120,14,1,"[15, 71]","[1697031291468, 1697031291539]"
31,312,31,[],200,EleutherAI/gpt-neox-20b,1,1,78.0,1,2,A10,1697031291543,1697031291621,120,23,1,"[16, 62]","[1697031291559, 1697031291621]"
32,804,32,[],200,EleutherAI/gpt-neox-20b,1,1,79.0,1,2,A10,1697031291622,1697031291701,120,20,1,"[9, 70]","[1697031291631, 1697031291701]"
33,394,33,[],200,EleutherAI/gpt-neox-20b,1,1,79.0,1,2,A10,1697031291705,1697031291784,120,11,1,"[14, 65]","[1697031291719, 1697031291784]"
34,908,34,[],200,EleutherAI/gpt-neox-20b,1,1,2395.0,1,2,A10,1697031291788,1697031294183,120,6,50,"[15, 111, 47, 47, 46, 48, 47, 47, 46, 47, 48, 47, 47, 47, 47, 47, 47, 51, 48, 47, 48, 47, 47, 47, 47, 47, 47, 47, 47, 47, 47, 47, 47, 47, 47, 47, 47, 53, 47, 47, 47, 47, 47, 47, 47, 47, 48, 46, 47, 48]","[1697031291803, 1697031291914, 1697031291961, 1697031292008, 1697031292054, 1697031292102, 1697031292149, 1697031292196, 1697031292242, 1697031292289, 1697031292337, 1697031292384, 1697031292431, 1697031292478, 1697031292525, 1697031292572, 1697031292619, 1697031292670, 1697031292718, 1697031292765, 1697031292813, 1697031292860, 1697031292907, 1697031292954, 1697031293001, 1697031293048, 1697031293095, 1697031293142, 1697031293189, 1697031293236, 1697031293283, 1697031293330, 1697031293377, 1697031293424, 1697031293471, 1697031293518, 1697031293565, 1697031293618, 1697031293665, 1697031293712, 1697031293759, 1697031293806, 1697031293853, 1697031293900, 1697031293947, 1697031293994, 1697031294042, 1697031294088, 1697031294135, 1697031294183]"
35,498,35,[],200,EleutherAI/gpt-neox-20b,1,1,82.0,1,2,A10,1697031294184,1697031294266,120,9,1,"[16, 66]","[1697031294200, 1697031294266]"
36,57,36,[],200,EleutherAI/gpt-neox-20b,1,1,75.0,1,2,A10,1697031294271,1697031294346,120,13,1,"[16, 59]","[1697031294287, 1697031294346]"
37,572,37,[],200,EleutherAI/gpt-neox-20b,1,1,78.0,1,2,A10,1697031294348,1697031294426,120,16,1,"[13, 65]","[1697031294361, 1697031294426]"
38,164,38,[],200,EleutherAI/gpt-neox-20b,1,1,75.0,1,2,A10,1697031294430,1697031294505,120,15,1,"[6, 69]","[1697031294436, 1697031294505]"
39,654,39,[],200,EleutherAI/gpt-neox-20b,1,1,223.0,1,2,A10,1697031294506,1697031294729,120,47,4,"[6, 119, 51, 47]","[1697031294512, 1697031294631, 1697031294682, 1697031294729]"
40,244,40,[],200,EleutherAI/gpt-neox-20b,1,1,82.0,1,2,A10,1697031294733,1697031294815,120,9,1,"[15, 67]","[1697031294748, 1697031294815]"
41,764,41,[],200,EleutherAI/gpt-neox-20b,1,1,81.0,1,2,A10,1697031294816,1697031294897,120,39,1,"[15, 66]","[1697031294831, 1697031294897]"
42,347,42,[],200,EleutherAI/gpt-neox-20b,1,1,3482.0,1,2,A10,1697031294901,1697031298383,120,100,72,"[14, 123, 47, 48, 47, 48, 47, 47, 48, 47, 48, 47, 47, 48, 47, 52, 47, 48, 48, 47, 47, 48, 47, 47, 47, 48, 47, 48, 47, 47, 48, 47, 48, 47, 48, 52, 52, 48, 48, 47, 48, 47, 48, 47, 47, 48, 47, 48, 47, 48, 47, 48, 47, 48, 47, 48, 52, 52, 47, 48, 47, 48, 47, 48, 47, 48, 47, 48, 47, 47, 48, 47]","[1697031294915, 1697031295038, 1697031295085, 1697031295133, 1697031295180, 1697031295228, 1697031295275, 1697031295322, 1697031295370, 1697031295417, 1697031295465, 1697031295512, 1697031295559, 1697031295607, 1697031295654, 1697031295706, 1697031295753, 1697031295801, 1697031295849, 1697031295896, 1697031295943, 1697031295991, 1697031296038, 1697031296085, 1697031296132, 1697031296180, 1697031296227, 1697031296275, 1697031296322, 1697031296369, 1697031296417, 1697031296464, 1697031296512, 1697031296559, 1697031296607, 1697031296659, 1697031296711, 1697031296759, 1697031296807, 1697031296854, 1697031296902, 1697031296949, 1697031296997, 1697031297044, 1697031297091, 1697031297139, 1697031297186, 1697031297234, 1697031297281, 1697031297329, 1697031297376, 1697031297424, 1697031297471, 1697031297519, 1697031297566, 1697031297614, 1697031297666, 1697031297718, 1697031297765, 1697031297813, 1697031297860, 1697031297908, 1697031297955, 1697031298003, 1697031298050, 1697031298098, 1697031298145, 1697031298193, 1697031298240, 1697031298287, 1697031298335, 1697031298382]"
43,26,43,[],200,EleutherAI/gpt-neox-20b,1,1,77.0,1,2,A10,1697031298387,1697031298464,120,18,1,"[16, 61]","[1697031298403, 1697031298464]"
44,546,44,[],200,EleutherAI/gpt-neox-20b,1,1,1004.0,1,2,A10,1697031298467,1697031299471,120,93,20,"[16, 129, 47, 48, 47, 48, 47, 48, 47, 47, 48, 47, 50, 48, 47, 48, 48, 48, 48, 48]","[1697031298483, 1697031298612, 1697031298659, 1697031298707, 1697031298754, 1697031298802, 1697031298849, 1697031298897, 1697031298944, 1697031298991, 1697031299039, 1697031299086, 1697031299136, 1697031299184, 1697031299231, 1697031299279, 1697031299327, 1697031299375, 1697031299423, 1697031299471]"
45,130,45,[],200,EleutherAI/gpt-neox-20b,1,1,77.0,1,2,A10,1697031299474,1697031299551,120,14,1,"[16, 61]","[1697031299490, 1697031299551]"
46,627,46,[],200,EleutherAI/gpt-neox-20b,1,1,999.0,1,2,A10,1697031299553,1697031300552,120,93,20,"[14, 123, 52, 47, 48, 47, 48, 47, 48, 47, 47, 48, 47, 48, 47, 48, 48, 48, 48, 48]","[1697031299567, 1697031299690, 1697031299742, 1697031299789, 1697031299837, 1697031299884, 1697031299932, 1697031299979, 1697031300027, 1697031300074, 1697031300121, 1697031300169, 1697031300216, 1697031300264, 1697031300311, 1697031300359, 1697031300407, 1697031300455, 1697031300503, 1697031300551]"
47,215,47,[],200,EleutherAI/gpt-neox-20b,1,1,76.0,1,2,A10,1697031300555,1697031300631,120,12,1,"[17, 59]","[1697031300572, 1697031300631]"
48,730,48,[],200,EleutherAI/gpt-neox-20b,1,1,684.0,1,2,A10,1697031300634,1697031301318,120,364,12,"[12, 193, 48, 48, 48, 48, 48, 47, 48, 48, 48, 48]","[1697031300646, 1697031300839, 1697031300887, 1697031300935, 1697031300983, 1697031301031, 1697031301079, 1697031301126, 1697031301174, 1697031301222, 1697031301270, 1697031301318]"
49,322,49,[],200,EleutherAI/gpt-neox-20b,1,1,1004.0,1,2,A10,1697031301321,1697031302325,120,93,20,"[14, 126, 48, 48, 47, 48, 51, 51, 48, 47, 48, 48, 47, 48, 47, 47, 48, 47, 48, 48]","[1697031301335, 1697031301461, 1697031301509, 1697031301557, 1697031301604, 1697031301652, 1697031301703, 1697031301754, 1697031301802, 1697031301849, 1697031301897, 1697031301945, 1697031301992, 1697031302040, 1697031302087, 1697031302134, 1697031302182, 1697031302229, 1697031302277, 1697031302325]"
50,804,50,[],200,EleutherAI/gpt-neox-20b,1,1,78.0,1,2,A10,1697031302329,1697031302407,120,20,1,"[18, 60]","[1697031302347, 1697031302407]"
51,393,51,[],200,EleutherAI/gpt-neox-20b,1,1,1125.0,1,2,A10,1697031302410,1697031303535,120,182,22,"[17, 145, 47, 48, 52, 51, 48, 47, 48, 47, 47, 48, 47, 48, 47, 48, 49, 48, 48, 48, 47, 49]","[1697031302427, 1697031302572, 1697031302619, 1697031302667, 1697031302719, 1697031302770, 1697031302818, 1697031302865, 1697031302913, 1697031302960, 1697031303007, 1697031303055, 1697031303102, 1697031303150, 1697031303197, 1697031303245, 1697031303294, 1697031303342, 1697031303390, 1697031303438, 1697031303485, 1697031303534]"
52,916,52,[],200,EleutherAI/gpt-neox-20b,1,1,78.0,1,2,A10,1697031303538,1697031303616,120,8,1,"[12, 66]","[1697031303550, 1697031303616]"
53,500,53,[],200,EleutherAI/gpt-neox-20b,1,1,640.0,1,2,A10,1697031303619,1697031304259,120,335,11,"[6, 203, 47, 48, 48, 48, 48, 48, 47, 48, 48]","[1697031303625, 1697031303828, 1697031303875, 1697031303923, 1697031303971, 1697031304019, 1697031304067, 1697031304115, 1697031304162, 1697031304210, 1697031304258]"
54,65,54,[],200,EleutherAI/gpt-neox-20b,1,1,1455.0,1,2,A10,1697031304262,1697031305717,120,39,30,"[17, 109, 47, 48, 48, 47, 48, 47, 47, 48, 47, 47, 48, 47, 48, 47, 47, 48, 47, 48, 47, 48, 47, 48, 47, 48, 47, 48, 47, 48]","[1697031304279, 1697031304388, 1697031304435, 1697031304483, 1697031304531, 1697031304578, 1697031304626, 1697031304673, 1697031304720, 1697031304768, 1697031304815, 1697031304862, 1697031304910, 1697031304957, 1697031305005, 1697031305052, 1697031305099, 1697031305147, 1697031305194, 1697031305242, 1697031305289, 1697031305337, 1697031305384, 1697031305432, 1697031305479, 1697031305527, 1697031305574, 1697031305622, 1697031305669, 1697031305717]"
55,586,55,[],200,EleutherAI/gpt-neox-20b,1,1,997.0,1,2,A10,1697031305720,1697031306717,120,85,20,"[13, 127, 47, 48, 47, 48, 47, 48, 47, 48, 47, 48, 47, 48, 48, 47, 48, 47, 49, 48]","[1697031305733, 1697031305860, 1697031305907, 1697031305955, 1697031306002, 1697031306050, 1697031306097, 1697031306145, 1697031306192, 1697031306240, 1697031306287, 1697031306335, 1697031306382, 1697031306430, 1697031306478, 1697031306525, 1697031306573, 1697031306620, 1697031306669, 1697031306717]"
56,172,56,[],200,EleutherAI/gpt-neox-20b,1,1,76.0,1,2,A10,1697031306721,1697031306797,120,19,1,"[15, 61]","[1697031306736, 1697031306797]"
57,780,57,[],200,EleutherAI/gpt-neox-20b,1,1,989.0,1,2,A10,1697031306799,1697031307788,120,85,20,"[7, 121, 47, 48, 47, 48, 47, 48, 47, 48, 47, 48, 47, 48, 47, 48, 48, 48, 48, 51]","[1697031306806, 1697031306927, 1697031306974, 1697031307022, 1697031307069, 1697031307117, 1697031307164, 1697031307212, 1697031307259, 1697031307307, 1697031307354, 1697031307402, 1697031307449, 1697031307497, 1697031307544, 1697031307592, 1697031307640, 1697031307688, 1697031307736, 1697031307787]"
58,366,58,[],200,EleutherAI/gpt-neox-20b,1,1,324.0,1,2,A10,1697031307790,1697031308114,120,85,6,"[16, 118, 48, 47, 47, 47]","[1697031307806, 1697031307924, 1697031307972, 1697031308019, 1697031308066, 1697031308113]"
59,881,59,[],200,EleutherAI/gpt-neox-20b,1,1,319.0,1,2,A10,1697031308116,1697031308435,120,58,6,"[12, 118, 47, 47, 47, 48]","[1697031308128, 1697031308246, 1697031308293, 1697031308340, 1697031308387, 1697031308435]"
60,473,60,[],200,EleutherAI/gpt-neox-20b,1,1,2486.0,1,2,A10,1697031308438,1697031310924,120,244,50,"[17, 162, 47, 48, 48, 51, 47, 48, 47, 48, 48, 48, 48, 48, 47, 48, 48, 47, 48, 48, 48, 47, 48, 48, 48, 48, 54, 48, 48, 47, 48, 48, 48, 48, 47, 48, 48, 48, 48, 47, 48, 48, 47, 48, 48, 48, 48, 52, 48, 48]","[1697031308455, 1697031308617, 1697031308664, 1697031308712, 1697031308760, 1697031308811, 1697031308858, 1697031308906, 1697031308953, 1697031309001, 1697031309049, 1697031309097, 1697031309145, 1697031309193, 1697031309240, 1697031309288, 1697031309336, 1697031309383, 1697031309431, 1697031309479, 1697031309527, 1697031309574, 1697031309622, 1697031309670, 1697031309718, 1697031309766, 1697031309820, 1697031309868, 1697031309916, 1697031309963, 1697031310011, 1697031310059, 1697031310107, 1697031310155, 1697031310202, 1697031310250, 1697031310298, 1697031310346, 1697031310394, 1697031310441, 1697031310489, 1697031310537, 1697031310584, 1697031310632, 1697031310680, 1697031310728, 1697031310776, 1697031310828, 1697031310876, 1697031310924]"
61,38,61,[],200,EleutherAI/gpt-neox-20b,1,1,992.0,1,2,A10,1697031310927,1697031311919,120,88,20,"[12, 123, 48, 47, 47, 48, 47, 48, 47, 48, 47, 48, 47, 48, 47, 48, 47, 48, 48, 48]","[1697031310939, 1697031311062, 1697031311110, 1697031311157, 1697031311204, 1697031311252, 1697031311299, 1697031311347, 1697031311394, 1697031311442, 1697031311489, 1697031311537, 1697031311584, 1697031311632, 1697031311679, 1697031311727, 1697031311774, 1697031311822, 1697031311870, 1697031311918]"
62,551,62,[],200,EleutherAI/gpt-neox-20b,1,1,994.0,1,2,A10,1697031311921,1697031312915,120,90,20,"[18, 118, 47, 48, 47, 48, 47, 47, 48, 48, 47, 47, 48, 47, 48, 48, 47, 48, 49, 48]","[1697031311939, 1697031312057, 1697031312104, 1697031312152, 1697031312199, 1697031312247, 1697031312294, 1697031312341, 1697031312389, 1697031312437, 1697031312484, 1697031312531, 1697031312579, 1697031312626, 1697031312674, 1697031312722, 1697031312769, 1697031312817, 1697031312866, 1697031312914]"
63,145,63,[],200,EleutherAI/gpt-neox-20b,1,1,496.0,1,2,A10,1697031312916,1697031313412,120,161,9,"[12, 151, 48, 47, 48, 47, 48, 47, 48]","[1697031312928, 1697031313079, 1697031313127, 1697031313174, 1697031313222, 1697031313269, 1697031313317, 1697031313364, 1697031313412]"
64,630,64,[],200,EleutherAI/gpt-neox-20b,1,1,82.0,1,2,A10,1697031313413,1697031313495,120,6,1,"[15, 66]","[1697031313428, 1697031313494]"
65,215,65,[],200,EleutherAI/gpt-neox-20b,1,1,78.0,1,2,A10,1697031313498,1697031313576,120,12,1,"[12, 66]","[1697031313510, 1697031313576]"
66,736,66,[],200,EleutherAI/gpt-neox-20b,1,1,18870.0,1,2,A10,1697031313584,1697031332454,120,563,381,"[6, 299, 48, 49, 48, 48, 48, 48, 48, 49, 48, 49, 49, 48, 49, 48, 49, 48, 48, 49, 48, 53, 48, 48, 48, 49, 48, 48, 49, 48, 48, 49, 48, 49, 49, 48, 48, 49, 48, 49, 48, 49, 52, 49, 48, 48, 48, 49, 48, 49, 48, 49, 48, 49, 48, 49, 48, 49, 48, 48, 49, 48, 49, 54, 48, 48, 49, 48, 48, 48, 49, 48, 49, 48, 49, 48, 49, 48, 49, 49, 48, 49, 48, 49, 52, 49, 48, 49, 49, 48, 48, 49, 48, 49, 49, 48, 49, 48, 49, 49, 48, 49, 48, 49, 49, 55, 48, 49, 48, 49, 48, 49, 48, 49, 49, 49, 48, 49, 48, 49, 48, 49, 48, 49, 49, 48, 53, 49, 48, 49, 48, 49, 49, 48, 49, 48, 49, 49, 48, 49, 48, 49, 49, 48, 49, 49, 49, 52, 49, 49, 48, 49, 49, 48, 49, 49, 48, 49, 49, 49, 48, 49, 49, 49, 48, 49, 49, 49, 53, 48, 49, 49, 49, 48, 49, 49, 49, 48, 49, 49, 48, 49, 49, 49, 48, 49, 49, 49, 48, 53, 49, 49, 48, 49, 49, 48, 49, 49, 49, 49, 48, 49, 49, 48, 49, 49, 49, 49, 49, 48, 53, 49, 49, 48, 49, 49, 49, 49, 49, 49, 48, 49, 49, 49, 49, 49, 49, 48, 49, 49, 49, 53, 49, 49, 49, 49, 49, 49, 49, 48, 49, 49, 49, 49, 49, 49, 48, 49, 49, 49, 49, 49, 53, 49, 49, 49, 49, 49, 48, 49, 49, 49, 49, 49, 49, 49, 48, 49, 49, 49, 49, 49, 49, 53, 49, 49, 49, 49, 49, 49, 49, 49, 49, 49, 49, 49, 49, 49, 49, 49, 50, 51, 49, 49, 49, 49, 49, 49, 49, 49, 49, 49, 49, 49, 49, 49, 49, 49, 49, 49, 49, 49, 50, 49, 53, 49, 48, 49, 49, 50, 49, 49, 49, 49, 49, 49, 49, 49, 49, 49, 49, 49, 49, 49, 49, 54, 49, 49, 49, 49, 49, 49, 49, 50, 49, 49, 49, 49, 49, 50, 49, 49, 49, 49, 49, 49, 54, 49, 49, 49, 49, 49, 49, 50, 49, 49, 49, 49, 50, 49, 49, 49, 49, 49, 50, 49, 56, 53, 49, 49, 49]","[1697031313590, 1697031313889, 1697031313937, 1697031313986, 1697031314034, 1697031314082, 1697031314130, 1697031314178, 1697031314226, 1697031314275, 1697031314323, 1697031314372, 1697031314421, 1697031314469, 1697031314518, 1697031314566, 1697031314615, 1697031314663, 1697031314711, 1697031314760, 1697031314808, 1697031314861, 1697031314909, 1697031314957, 1697031315005, 1697031315054, 1697031315102, 1697031315150, 1697031315199, 1697031315247, 1697031315295, 1697031315344, 1697031315392, 1697031315441, 1697031315490, 1697031315538, 1697031315586, 1697031315635, 1697031315683, 1697031315732, 1697031315780, 1697031315829, 1697031315881, 1697031315930, 1697031315978, 1697031316026, 1697031316074, 1697031316123, 1697031316171, 1697031316220, 1697031316268, 1697031316317, 1697031316365, 1697031316414, 1697031316462, 1697031316511, 1697031316559, 1697031316608, 1697031316656, 1697031316704, 1697031316753, 1697031316801, 1697031316850, 1697031316904, 1697031316952, 1697031317000, 1697031317049, 1697031317097, 1697031317145, 1697031317193, 1697031317242, 1697031317290, 1697031317339, 1697031317387, 1697031317436, 1697031317484, 1697031317533, 1697031317581, 1697031317630, 1697031317679, 1697031317727, 1697031317776, 1697031317824, 1697031317873, 1697031317925, 1697031317974, 1697031318022, 1697031318071, 1697031318120, 1697031318168, 1697031318216, 1697031318265, 1697031318313, 1697031318362, 1697031318411, 1697031318459, 1697031318508, 1697031318556, 1697031318605, 1697031318654, 1697031318702, 1697031318751, 1697031318799, 1697031318848, 1697031318897, 1697031318952, 1697031319000, 1697031319049, 1697031319097, 1697031319146, 1697031319194, 1697031319243, 1697031319291, 1697031319340, 1697031319389, 1697031319438, 1697031319486, 1697031319535, 1697031319583, 1697031319632, 1697031319680, 1697031319729, 1697031319777, 1697031319826, 1697031319875, 1697031319923, 1697031319976, 1697031320025, 1697031320073, 1697031320122, 1697031320170, 1697031320219, 1697031320268, 1697031320316, 1697031320365, 1697031320413, 1697031320462, 1697031320511, 1697031320559, 1697031320608, 1697031320656, 1697031320705, 1697031320754, 1697031320802, 1697031320851, 1697031320900, 1697031320949, 1697031321001, 1697031321050, 1697031321099, 1697031321147, 1697031321196, 1697031321245, 1697031321293, 1697031321342, 1697031321391, 1697031321439, 1697031321488, 1697031321537, 1697031321586, 1697031321634, 1697031321683, 1697031321732, 1697031321781, 1697031321829, 1697031321878, 1697031321927, 1697031321976, 1697031322029, 1697031322077, 1697031322126, 1697031322175, 1697031322224, 1697031322272, 1697031322321, 1697031322370, 1697031322419, 1697031322467, 1697031322516, 1697031322565, 1697031322613, 1697031322662, 1697031322711, 1697031322760, 1697031322808, 1697031322857, 1697031322906, 1697031322955, 1697031323003, 1697031323056, 1697031323105, 1697031323154, 1697031323202, 1697031323251, 1697031323300, 1697031323348, 1697031323397, 1697031323446, 1697031323495, 1697031323544, 1697031323592, 1697031323641, 1697031323690, 1697031323738, 1697031323787, 1697031323836, 1697031323885, 1697031323934, 1697031323983, 1697031324031, 1697031324084, 1697031324133, 1697031324182, 1697031324230, 1697031324279, 1697031324328, 1697031324377, 1697031324426, 1697031324475, 1697031324524, 1697031324572, 1697031324621, 1697031324670, 1697031324719, 1697031324768, 1697031324817, 1697031324866, 1697031324914, 1697031324963, 1697031325012, 1697031325061, 1697031325114, 1697031325163, 1697031325212, 1697031325261, 1697031325310, 1697031325359, 1697031325408, 1697031325457, 1697031325505, 1697031325554, 1697031325603, 1697031325652, 1697031325701, 1697031325750, 1697031325799, 1697031325847, 1697031325896, 1697031325945, 1697031325994, 1697031326043, 1697031326092, 1697031326145, 1697031326194, 1697031326243, 1697031326292, 1697031326341, 1697031326390, 1697031326438, 1697031326487, 1697031326536, 1697031326585, 1697031326634, 1697031326683, 1697031326732, 1697031326781, 1697031326829, 1697031326878, 1697031326927, 1697031326976, 1697031327025, 1697031327074, 1697031327123, 1697031327176, 1697031327225, 1697031327274, 1697031327323, 1697031327372, 1697031327421, 1697031327470, 1697031327519, 1697031327568, 1697031327617, 1697031327666, 1697031327715, 1697031327764, 1697031327813, 1697031327862, 1697031327911, 1697031327960, 1697031328010, 1697031328061, 1697031328110, 1697031328159, 1697031328208, 1697031328257, 1697031328306, 1697031328355, 1697031328404, 1697031328453, 1697031328502, 1697031328551, 1697031328600, 1697031328649, 1697031328698, 1697031328747, 1697031328796, 1697031328845, 1697031328894, 1697031328943, 1697031328992, 1697031329041, 1697031329091, 1697031329140, 1697031329193, 1697031329242, 1697031329290, 1697031329339, 1697031329388, 1697031329438, 1697031329487, 1697031329536, 1697031329585, 1697031329634, 1697031329683, 1697031329732, 1697031329781, 1697031329830, 1697031329879, 1697031329928, 1697031329977, 1697031330026, 1697031330075, 1697031330124, 1697031330173, 1697031330227, 1697031330276, 1697031330325, 1697031330374, 1697031330423, 1697031330472, 1697031330521, 1697031330570, 1697031330620, 1697031330669, 1697031330718, 1697031330767, 1697031330816, 1697031330865, 1697031330915, 1697031330964, 1697031331013, 1697031331062, 1697031331111, 1697031331160, 1697031331209, 1697031331263, 1697031331312, 1697031331361, 1697031331410, 1697031331459, 1697031331508, 1697031331557, 1697031331607, 1697031331656, 1697031331705, 1697031331754, 1697031331803, 1697031331853, 1697031331902, 1697031331951, 1697031332000, 1697031332049, 1697031332098, 1697031332148, 1697031332197, 1697031332253, 1697031332306, 1697031332355, 1697031332404, 1697031332453]"
67,322,67,[],200,EleutherAI/gpt-neox-20b,1,1,1007.0,1,2,A10,1697031332457,1697031333464,120,93,20,"[15, 127, 48, 47, 48, 47, 47, 49, 46, 48, 47, 48, 48, 48, 48, 51, 50, 48, 49, 47]","[1697031332472, 1697031332599, 1697031332647, 1697031332694, 1697031332742, 1697031332789, 1697031332836, 1697031332885, 1697031332931, 1697031332979, 1697031333026, 1697031333074, 1697031333122, 1697031333170, 1697031333218, 1697031333269, 1697031333319, 1697031333367, 1697031333416, 1697031333463]"
68,814,68,[],200,EleutherAI/gpt-neox-20b,1,1,1001.0,1,2,A10,1697031333467,1697031334468,120,89,20,"[16, 119, 48, 47, 48, 48, 47, 48, 47, 48, 47, 48, 47, 48, 48, 51, 51, 48, 49, 48]","[1697031333483, 1697031333602, 1697031333650, 1697031333697, 1697031333745, 1697031333793, 1697031333840, 1697031333888, 1697031333935, 1697031333983, 1697031334030, 1697031334078, 1697031334125, 1697031334173, 1697031334221, 1697031334272, 1697031334323, 1697031334371, 1697031334420, 1697031334468]"
69,408,69,[],200,EleutherAI/gpt-neox-20b,1,1,83.0,1,2,A10,1697031334471,1697031334554,120,16,1,"[16, 67]","[1697031334487, 1697031334554]"
70,922,70,[],200,EleutherAI/gpt-neox-20b,1,1,1002.0,1,2,A10,1697031334556,1697031335558,120,91,20,"[16, 126, 48, 47, 48, 47, 48, 47, 47, 48, 47, 48, 47, 48, 48, 47, 48, 50, 49, 48]","[1697031334572, 1697031334698, 1697031334746, 1697031334793, 1697031334841, 1697031334888, 1697031334936, 1697031334983, 1697031335030, 1697031335078, 1697031335125, 1697031335173, 1697031335220, 1697031335268, 1697031335316, 1697031335363, 1697031335411, 1697031335461, 1697031335510, 1697031335558]"
71,602,71,[],200,EleutherAI/gpt-neox-20b,1,1,83.0,1,2,A10,1697031335562,1697031335645,120,15,1,"[15, 68]","[1697031335577, 1697031335645]"
72,191,72,[],200,EleutherAI/gpt-neox-20b,1,1,1001.0,1,2,A10,1697031335648,1697031336649,120,85,20,"[12, 122, 47, 48, 47, 48, 47, 48, 47, 48, 48, 47, 51, 52, 47, 48, 49, 49, 48, 48]","[1697031335660, 1697031335782, 1697031335829, 1697031335877, 1697031335924, 1697031335972, 1697031336019, 1697031336067, 1697031336114, 1697031336162, 1697031336210, 1697031336257, 1697031336308, 1697031336360, 1697031336407, 1697031336455, 1697031336504, 1697031336553, 1697031336601, 1697031336649]"
73,702,73,[],200,EleutherAI/gpt-neox-20b,1,1,1007.0,1,2,A10,1697031336652,1697031337659,120,89,20,"[15, 125, 47, 48, 47, 48, 47, 48, 47, 48, 47, 48, 52, 51, 47, 48, 48, 49, 49, 48]","[1697031336667, 1697031336792, 1697031336839, 1697031336887, 1697031336934, 1697031336982, 1697031337029, 1697031337077, 1697031337124, 1697031337172, 1697031337219, 1697031337267, 1697031337319, 1697031337370, 1697031337417, 1697031337465, 1697031337513, 1697031337562, 1697031337611, 1697031337659]"
74,294,74,[],200,EleutherAI/gpt-neox-20b,1,1,131.0,1,2,A10,1697031337661,1697031337792,120,9,2,"[15, 116]","[1697031337676, 1697031337792]"
75,780,75,[],200,EleutherAI/gpt-neox-20b,1,1,996.0,1,2,A10,1697031337797,1697031338793,120,85,20,"[12, 125, 48, 48, 47, 47, 48, 47, 48, 48, 47, 48, 47, 48, 48, 48, 48, 48, 48, 48]","[1697031337809, 1697031337934, 1697031337982, 1697031338030, 1697031338077, 1697031338124, 1697031338172, 1697031338219, 1697031338267, 1697031338315, 1697031338362, 1697031338410, 1697031338457, 1697031338505, 1697031338553, 1697031338601, 1697031338649, 1697031338697, 1697031338745, 1697031338793]"
76,368,76,[],200,EleutherAI/gpt-neox-20b,1,1,996.0,1,2,A10,1697031338796,1697031339792,120,88,20,"[16, 118, 48, 47, 47, 48, 47, 48, 47, 48, 47, 52, 47, 48, 47, 48, 48, 48, 49, 48]","[1697031338812, 1697031338930, 1697031338978, 1697031339025, 1697031339072, 1697031339120, 1697031339167, 1697031339215, 1697031339262, 1697031339310, 1697031339357, 1697031339409, 1697031339456, 1697031339504, 1697031339551, 1697031339599, 1697031339647, 1697031339695, 1697031339744, 1697031339792]"
77,894,77,[],200,EleutherAI/gpt-neox-20b,1,1,80.0,1,2,A10,1697031339796,1697031339876,120,14,1,"[15, 65]","[1697031339811, 1697031339876]"
78,452,78,[],200,EleutherAI/gpt-neox-20b,1,1,267.0,1,2,A10,1697031339881,1697031340148,120,216,4,"[15, 108, 48, 48, 48]","[1697031339896, 1697031340004, 1697031340052, 1697031340100, 1697031340148]"
79,40,79,[],200,EleutherAI/gpt-neox-20b,1,1,999.0,1,2,A10,1697031340151,1697031341150,120,86,20,"[16, 117, 51, 48, 51, 47, 48, 48, 47, 48, 47, 48, 49, 48, 47, 48, 48, 47, 48, 48]","[1697031340167, 1697031340284, 1697031340335, 1697031340383, 1697031340434, 1697031340481, 1697031340529, 1697031340577, 1697031340624, 1697031340672, 1697031340719, 1697031340767, 1697031340816, 1697031340864, 1697031340911, 1697031340959, 1697031341007, 1697031341054, 1697031341102, 1697031341150]"
80,559,80,[],200,EleutherAI/gpt-neox-20b,1,1,1009.0,1,2,A10,1697031341153,1697031342162,120,86,20,"[15, 124, 53, 47, 53, 48, 47, 48, 47, 48, 47, 48, 47, 48, 48, 47, 48, 48, 50, 48]","[1697031341168, 1697031341292, 1697031341345, 1697031341392, 1697031341445, 1697031341493, 1697031341540, 1697031341588, 1697031341635, 1697031341683, 1697031341730, 1697031341778, 1697031341825, 1697031341873, 1697031341921, 1697031341968, 1697031342016, 1697031342064, 1697031342114, 1697031342162]"
81,144,81,[],200,EleutherAI/gpt-neox-20b,1,1,1005.0,1,2,A10,1697031342165,1697031343170,120,96,20,"[15, 123, 51, 48, 52, 47, 48, 47, 48, 47, 48, 47, 48, 47, 48, 48, 47, 49, 49, 48]","[1697031342180, 1697031342303, 1697031342354, 1697031342402, 1697031342454, 1697031342501, 1697031342549, 1697031342596, 1697031342644, 1697031342691, 1697031342739, 1697031342786, 1697031342834, 1697031342881, 1697031342929, 1697031342977, 1697031343024, 1697031343073, 1697031343122, 1697031343170]"
82,637,82,[],200,EleutherAI/gpt-neox-20b,1,1,1011.0,1,2,A10,1697031343173,1697031344184,120,96,20,"[16, 125, 52, 48, 51, 48, 47, 48, 47, 48, 48, 47, 48, 47, 48, 47, 48, 49, 50, 48]","[1697031343189, 1697031343314, 1697031343366, 1697031343414, 1697031343465, 1697031343513, 1697031343560, 1697031343608, 1697031343655, 1697031343703, 1697031343751, 1697031343798, 1697031343846, 1697031343893, 1697031343941, 1697031343988, 1697031344036, 1697031344085, 1697031344135, 1697031344183]"
83,225,83,[],200,EleutherAI/gpt-neox-20b,1,1,77.0,1,2,A10,1697031344187,1697031344264,120,23,1,"[14, 63]","[1697031344201, 1697031344264]"
84,744,84,[],200,EleutherAI/gpt-neox-20b,1,1,356.0,1,2,A10,1697031344267,1697031344623,120,161,6,"[16, 146, 51, 48, 47, 48]","[1697031344283, 1697031344429, 1697031344480, 1697031344528, 1697031344575, 1697031344623]"
85,423,85,[],200,EleutherAI/gpt-neox-20b,1,1,1008.0,1,2,A10,1697031344626,1697031345634,120,84,20,"[13, 125, 48, 47, 48, 47, 48, 47, 48, 48, 49, 47, 48, 47, 55, 47, 53, 47, 48, 48]","[1697031344639, 1697031344764, 1697031344812, 1697031344859, 1697031344907, 1697031344954, 1697031345002, 1697031345049, 1697031345097, 1697031345145, 1697031345194, 1697031345241, 1697031345289, 1697031345336, 1697031345391, 1697031345438, 1697031345491, 1697031345538, 1697031345586, 1697031345634]"
86,9,86,[],200,EleutherAI/gpt-neox-20b,1,1,1006.0,1,2,A10,1697031345637,1697031346643,120,85,20,"[18, 118, 47, 48, 47, 48, 47, 48, 47, 48, 48, 47, 48, 48, 54, 48, 52, 48, 48, 48]","[1697031345655, 1697031345773, 1697031345820, 1697031345868, 1697031345915, 1697031345963, 1697031346010, 1697031346058, 1697031346105, 1697031346153, 1697031346201, 1697031346248, 1697031346296, 1697031346344, 1697031346398, 1697031346446, 1697031346498, 1697031346546, 1697031346594, 1697031346642]"
87,527,87,[],200,EleutherAI/gpt-neox-20b,1,1,2714.0,1,2,A10,1697031346646,1697031349360,120,732,50,"[15, 329, 49, 49, 49, 49, 48, 49, 49, 49, 54, 49, 50, 50, 50, 49, 49, 48, 49, 49, 49, 49, 49, 48, 49, 49, 49, 49, 49, 49, 49, 57, 53, 49, 49, 49, 49, 49, 49, 49, 49, 49, 49, 49, 49, 49, 49, 49, 49, 50]","[1697031346661, 1697031346990, 1697031347039, 1697031347088, 1697031347137, 1697031347186, 1697031347234, 1697031347283, 1697031347332, 1697031347381, 1697031347435, 1697031347484, 1697031347534, 1697031347584, 1697031347634, 1697031347683, 1697031347732, 1697031347780, 1697031347829, 1697031347878, 1697031347927, 1697031347976, 1697031348025, 1697031348073, 1697031348122, 1697031348171, 1697031348220, 1697031348269, 1697031348318, 1697031348367, 1697031348416, 1697031348473, 1697031348526, 1697031348575, 1697031348624, 1697031348673, 1697031348722, 1697031348771, 1697031348820, 1697031348869, 1697031348918, 1697031348967, 1697031349016, 1697031349065, 1697031349114, 1697031349163, 1697031349212, 1697031349261, 1697031349310, 1697031349360]"
88,117,88,[],200,EleutherAI/gpt-neox-20b,1,1,213.0,1,2,A10,1697031349361,1697031349574,120,364,2,"[12, 153, 48]","[1697031349373, 1697031349526, 1697031349574]"
89,601,89,[],200,EleutherAI/gpt-neox-20b,1,1,995.0,1,2,A10,1697031349577,1697031350572,120,83,20,"[17, 118, 48, 47, 48, 47, 48, 48, 47, 48, 47, 48, 47, 48, 48, 47, 48, 49, 49, 48]","[1697031349594, 1697031349712, 1697031349760, 1697031349807, 1697031349855, 1697031349902, 1697031349950, 1697031349998, 1697031350045, 1697031350093, 1697031350140, 1697031350188, 1697031350235, 1697031350283, 1697031350331, 1697031350378, 1697031350426, 1697031350475, 1697031350524, 1697031350572]"
90,191,90,[],200,EleutherAI/gpt-neox-20b,1,1,1008.0,1,2,A10,1697031350575,1697031351583,120,85,20,"[16, 127, 47, 48, 48, 47, 48, 47, 48, 47, 48, 47, 48, 47, 48, 48, 48, 51, 51, 48]","[1697031350591, 1697031350718, 1697031350765, 1697031350813, 1697031350861, 1697031350908, 1697031350956, 1697031351003, 1697031351051, 1697031351098, 1697031351146, 1697031351193, 1697031351241, 1697031351288, 1697031351336, 1697031351384, 1697031351432, 1697031351483, 1697031351534, 1697031351582]"
91,711,91,[],200,EleutherAI/gpt-neox-20b,1,1,364.0,1,2,A10,1697031351585,1697031351949,120,457,4,"[15, 252, 48, 48]","[1697031351600, 1697031351852, 1697031351900, 1697031351948]"
92,273,92,[],200,EleutherAI/gpt-neox-20b,1,1,79.0,1,2,A10,1697031351953,1697031352032,120,19,1,"[12, 66]","[1697031351965, 1697031352031]"
93,793,93,[],200,EleutherAI/gpt-neox-20b,1,1,1536.0,1,2,A10,1697031352034,1697031353570,120,92,31,"[14, 124, 48, 47, 47, 48, 47, 47, 51, 50, 48, 47, 47, 48, 47, 47, 49, 49, 49, 47, 48, 47, 47, 48, 47, 47, 48, 47, 48, 55, 52]","[1697031352048, 1697031352172, 1697031352220, 1697031352267, 1697031352314, 1697031352362, 1697031352409, 1697031352456, 1697031352507, 1697031352557, 1697031352605, 1697031352652, 1697031352699, 1697031352747, 1697031352794, 1697031352841, 1697031352890, 1697031352939, 1697031352988, 1697031353035, 1697031353083, 1697031353130, 1697031353177, 1697031353225, 1697031353272, 1697031353319, 1697031353367, 1697031353414, 1697031353462, 1697031353517, 1697031353569]"
94,383,94,[],200,EleutherAI/gpt-neox-20b,1,1,76.0,1,2,A10,1697031353573,1697031353649,120,15,1,"[13, 63]","[1697031353586, 1697031353649]"
95,897,95,[],200,EleutherAI/gpt-neox-20b,1,1,83.0,1,2,A10,1697031353652,1697031353735,120,9,1,"[15, 68]","[1697031353667, 1697031353735]"
96,458,96,[],200,EleutherAI/gpt-neox-20b,1,1,77.0,1,2,A10,1697031353739,1697031353816,120,11,1,"[12, 65]","[1697031353751, 1697031353816]"
97,48,97,[],200,EleutherAI/gpt-neox-20b,1,1,318.0,1,2,A10,1697031353819,1697031354137,120,6,6,"[16, 113, 47, 48, 47, 47]","[1697031353835, 1697031353948, 1697031353995, 1697031354043, 1697031354090, 1697031354137]"
98,561,98,[],200,EleutherAI/gpt-neox-20b,1,1,1008.0,1,2,A10,1697031354140,1697031355148,120,87,20,"[15, 126, 48, 47, 48, 47, 51, 52, 48, 48, 48, 48, 48, 47, 48, 47, 48, 48, 47, 48]","[1697031354155, 1697031354281, 1697031354329, 1697031354376, 1697031354424, 1697031354471, 1697031354522, 1697031354574, 1697031354622, 1697031354670, 1697031354718, 1697031354766, 1697031354814, 1697031354861, 1697031354909, 1697031354956, 1697031355004, 1697031355052, 1697031355099, 1697031355147]"
99,245,99,[],200,EleutherAI/gpt-neox-20b,1,1,1006.0,1,2,A10,1697031355151,1697031356157,120,100,20,"[16, 119, 47, 48, 47, 48, 55, 52, 48, 48, 47, 48, 48, 48, 47, 48, 48, 48, 48, 48]","[1697031355167, 1697031355286, 1697031355333, 1697031355381, 1697031355428, 1697031355476, 1697031355531, 1697031355583, 1697031355631, 1697031355679, 1697031355726, 1697031355774, 1697031355822, 1697031355870, 1697031355917, 1697031355965, 1697031356013, 1697031356061, 1697031356109, 1697031356157]"
100,759,100,[],200,EleutherAI/gpt-neox-20b,1,1,1002.0,1,2,A10,1697031356160,1697031357162,120,92,20,"[16, 118, 48, 47, 48, 47, 52, 53, 47, 48, 47, 48, 47, 48, 48, 48, 47, 49, 48, 48]","[1697031356176, 1697031356294, 1697031356342, 1697031356389, 1697031356437, 1697031356484, 1697031356536, 1697031356589, 1697031356636, 1697031356684, 1697031356731, 1697031356779, 1697031356826, 1697031356874, 1697031356922, 1697031356970, 1697031357017, 1697031357066, 1697031357114, 1697031357162]"
101,349,101,[],200,EleutherAI/gpt-neox-20b,1,1,1013.0,1,2,A10,1697031357165,1697031358178,120,88,20,"[15, 126, 48, 47, 48, 47, 54, 52, 47, 48, 47, 48, 48, 47, 48, 48, 47, 50, 49, 49]","[1697031357180, 1697031357306, 1697031357354, 1697031357401, 1697031357449, 1697031357496, 1697031357550, 1697031357602, 1697031357649, 1697031357697, 1697031357744, 1697031357792, 1697031357840, 1697031357887, 1697031357935, 1697031357983, 1697031358030, 1697031358080, 1697031358129, 1697031358178]"
102,870,102,[],200,EleutherAI/gpt-neox-20b,1,1,1008.0,1,2,A10,1697031358181,1697031359189,120,88,20,"[15, 126, 47, 48, 47, 48, 51, 51, 48, 48, 47, 47, 48, 47, 48, 48, 47, 49, 50, 48]","[1697031358196, 1697031358322, 1697031358369, 1697031358417, 1697031358464, 1697031358512, 1697031358563, 1697031358614, 1697031358662, 1697031358710, 1697031358757, 1697031358804, 1697031358852, 1697031358899, 1697031358947, 1697031358995, 1697031359042, 1697031359091, 1697031359141, 1697031359189]"
103,423,103,[],200,EleutherAI/gpt-neox-20b,1,1,1009.0,1,2,A10,1697031359192,1697031360201,120,84,20,"[16, 122, 48, 47, 48, 47, 54, 51, 48, 47, 48, 47, 48, 47, 48, 48, 47, 50, 49, 49]","[1697031359208, 1697031359330, 1697031359378, 1697031359425, 1697031359473, 1697031359520, 1697031359574, 1697031359625, 1697031359673, 1697031359720, 1697031359768, 1697031359815, 1697031359863, 1697031359910, 1697031359958, 1697031360006, 1697031360053, 1697031360103, 1697031360152, 1697031360201]"
104,12,104,[],200,EleutherAI/gpt-neox-20b,1,1,80.0,1,2,A10,1697031360204,1697031360284,120,11,1,"[15, 65]","[1697031360219, 1697031360284]"
105,534,105,[],200,EleutherAI/gpt-neox-20b,1,1,1003.0,1,2,A10,1697031360285,1697031361288,120,96,20,"[15, 124, 48, 47, 48, 48, 47, 48, 47, 48, 47, 48, 47, 48, 47, 48, 50, 50, 50, 48]","[1697031360300, 1697031360424, 1697031360472, 1697031360519, 1697031360567, 1697031360615, 1697031360662, 1697031360710, 1697031360757, 1697031360805, 1697031360852, 1697031360900, 1697031360947, 1697031360995, 1697031361042, 1697031361090, 1697031361140, 1697031361190, 1697031361240, 1697031361288]"
106,119,106,[],200,EleutherAI/gpt-neox-20b,1,1,77.0,1,2,A10,1697031361293,1697031361370,120,31,1,"[15, 61]","[1697031361308, 1697031361369]"
107,616,107,[],200,EleutherAI/gpt-neox-20b,1,1,18648.0,1,2,A10,1697031361378,1697031380026,120,244,381,"[14, 169, 48, 51, 48, 47, 48, 47, 48, 51, 48, 48, 47, 48, 48, 49, 49, 49, 48, 48, 47, 49, 47, 48, 52, 48, 48, 48, 47, 48, 48, 47, 48, 48, 48, 48, 48, 49, 48, 48, 47, 48, 48, 50, 48, 52, 48, 48, 48, 48, 47, 48, 48, 48, 48, 48, 48, 48, 48, 48, 48, 48, 48, 48, 51, 48, 52, 47, 48, 48, 48, 48, 48, 47, 48, 48, 48, 48, 48, 48, 49, 48, 48, 48, 48, 52, 48, 52, 48, 48, 48, 48, 48, 48, 48, 48, 48, 48, 48, 49, 48, 48, 48, 48, 48, 48, 54, 48, 53, 48, 47, 48, 48, 48, 48, 48, 48, 48, 49, 48, 48, 48, 48, 48, 48, 48, 48, 54, 48, 53, 48, 48, 48, 48, 48, 48, 48, 48, 48, 48, 49, 48, 48, 48, 49, 48, 48, 49, 52, 48, 53, 48, 48, 48, 48, 48, 48, 48, 48, 49, 48, 48, 48, 49, 48, 48, 49, 48, 48, 56, 48, 52, 48, 48, 48, 48, 49, 48, 48, 48, 48, 49, 48, 48, 49, 48, 48, 49, 48, 49, 56, 48, 50, 48, 48, 48, 48, 48, 48, 49, 48, 48, 49, 48, 48, 49, 48, 48, 49, 49, 48, 55, 49, 51, 49, 48, 48, 48, 49, 48, 48, 49, 48, 49, 48, 48, 49, 48, 49, 49, 48, 48, 54, 48, 52, 48, 49, 48, 48, 49, 48, 48, 49, 48, 48, 49, 48, 49, 48, 49, 48, 49, 48, 56, 49, 52, 48, 49, 48, 48, 49, 48, 48, 49, 48, 48, 49, 48, 49, 48, 49, 49, 48, 49, 56, 49, 52, 48, 49, 48, 48, 49, 48, 49, 48, 49, 48, 49, 48, 49, 49, 48, 49, 48, 49, 56, 48, 53, 48, 48, 49, 48, 48, 49, 48, 51, 48, 49, 49, 48, 49, 48, 49, 49, 49, 48, 53, 49, 52, 49, 48, 48, 49, 48, 49, 48, 49, 49, 48, 49, 48, 49, 49, 49, 48, 49, 49, 54, 48, 53, 49, 48, 48, 49, 49, 48, 49, 48, 49, 49, 48, 49, 49, 48, 49, 49, 49, 48, 57, 49, 52, 49, 48, 49, 48, 49, 48, 49, 48, 49, 49, 49, 48, 49, 49, 48, 49, 49, 49, 53, 49]","[1697031361392, 1697031361561, 1697031361609, 1697031361660, 1697031361708, 1697031361755, 1697031361803, 1697031361850, 1697031361898, 1697031361949, 1697031361997, 1697031362045, 1697031362092, 1697031362140, 1697031362188, 1697031362237, 1697031362286, 1697031362335, 1697031362383, 1697031362431, 1697031362478, 1697031362527, 1697031362574, 1697031362622, 1697031362674, 1697031362722, 1697031362770, 1697031362818, 1697031362865, 1697031362913, 1697031362961, 1697031363008, 1697031363056, 1697031363104, 1697031363152, 1697031363200, 1697031363248, 1697031363297, 1697031363345, 1697031363393, 1697031363440, 1697031363488, 1697031363536, 1697031363586, 1697031363634, 1697031363686, 1697031363734, 1697031363782, 1697031363830, 1697031363878, 1697031363925, 1697031363973, 1697031364021, 1697031364069, 1697031364117, 1697031364165, 1697031364213, 1697031364261, 1697031364309, 1697031364357, 1697031364405, 1697031364453, 1697031364501, 1697031364549, 1697031364600, 1697031364648, 1697031364700, 1697031364747, 1697031364795, 1697031364843, 1697031364891, 1697031364939, 1697031364987, 1697031365034, 1697031365082, 1697031365130, 1697031365178, 1697031365226, 1697031365274, 1697031365322, 1697031365371, 1697031365419, 1697031365467, 1697031365515, 1697031365563, 1697031365615, 1697031365663, 1697031365715, 1697031365763, 1697031365811, 1697031365859, 1697031365907, 1697031365955, 1697031366003, 1697031366051, 1697031366099, 1697031366147, 1697031366195, 1697031366243, 1697031366292, 1697031366340, 1697031366388, 1697031366436, 1697031366484, 1697031366532, 1697031366580, 1697031366634, 1697031366682, 1697031366735, 1697031366783, 1697031366830, 1697031366878, 1697031366926, 1697031366974, 1697031367022, 1697031367070, 1697031367118, 1697031367166, 1697031367215, 1697031367263, 1697031367311, 1697031367359, 1697031367407, 1697031367455, 1697031367503, 1697031367551, 1697031367599, 1697031367653, 1697031367701, 1697031367754, 1697031367802, 1697031367850, 1697031367898, 1697031367946, 1697031367994, 1697031368042, 1697031368090, 1697031368138, 1697031368186, 1697031368234, 1697031368283, 1697031368331, 1697031368379, 1697031368427, 1697031368476, 1697031368524, 1697031368572, 1697031368621, 1697031368673, 1697031368721, 1697031368774, 1697031368822, 1697031368870, 1697031368918, 1697031368966, 1697031369014, 1697031369062, 1697031369110, 1697031369158, 1697031369207, 1697031369255, 1697031369303, 1697031369351, 1697031369400, 1697031369448, 1697031369496, 1697031369545, 1697031369593, 1697031369641, 1697031369697, 1697031369745, 1697031369797, 1697031369845, 1697031369893, 1697031369941, 1697031369989, 1697031370038, 1697031370086, 1697031370134, 1697031370182, 1697031370230, 1697031370279, 1697031370327, 1697031370375, 1697031370424, 1697031370472, 1697031370520, 1697031370569, 1697031370617, 1697031370666, 1697031370722, 1697031370770, 1697031370820, 1697031370868, 1697031370916, 1697031370964, 1697031371012, 1697031371060, 1697031371108, 1697031371157, 1697031371205, 1697031371253, 1697031371302, 1697031371350, 1697031371398, 1697031371447, 1697031371495, 1697031371543, 1697031371592, 1697031371641, 1697031371689, 1697031371744, 1697031371793, 1697031371844, 1697031371893, 1697031371941, 1697031371989, 1697031372037, 1697031372086, 1697031372134, 1697031372182, 1697031372231, 1697031372279, 1697031372328, 1697031372376, 1697031372424, 1697031372473, 1697031372521, 1697031372570, 1697031372619, 1697031372667, 1697031372715, 1697031372769, 1697031372817, 1697031372869, 1697031372917, 1697031372966, 1697031373014, 1697031373062, 1697031373111, 1697031373159, 1697031373207, 1697031373256, 1697031373304, 1697031373352, 1697031373401, 1697031373449, 1697031373498, 1697031373546, 1697031373595, 1697031373643, 1697031373692, 1697031373740, 1697031373796, 1697031373845, 1697031373897, 1697031373945, 1697031373994, 1697031374042, 1697031374090, 1697031374139, 1697031374187, 1697031374235, 1697031374284, 1697031374332, 1697031374380, 1697031374429, 1697031374477, 1697031374526, 1697031374574, 1697031374623, 1697031374672, 1697031374720, 1697031374769, 1697031374825, 1697031374874, 1697031374926, 1697031374974, 1697031375023, 1697031375071, 1697031375119, 1697031375168, 1697031375216, 1697031375265, 1697031375313, 1697031375362, 1697031375410, 1697031375459, 1697031375507, 1697031375556, 1697031375605, 1697031375653, 1697031375702, 1697031375750, 1697031375799, 1697031375855, 1697031375903, 1697031375956, 1697031376004, 1697031376052, 1697031376101, 1697031376149, 1697031376197, 1697031376246, 1697031376294, 1697031376345, 1697031376393, 1697031376442, 1697031376491, 1697031376539, 1697031376588, 1697031376636, 1697031376685, 1697031376734, 1697031376783, 1697031376831, 1697031376884, 1697031376933, 1697031376985, 1697031377034, 1697031377082, 1697031377130, 1697031377179, 1697031377227, 1697031377276, 1697031377324, 1697031377373, 1697031377422, 1697031377470, 1697031377519, 1697031377567, 1697031377616, 1697031377665, 1697031377714, 1697031377762, 1697031377811, 1697031377860, 1697031377914, 1697031377962, 1697031378015, 1697031378064, 1697031378112, 1697031378160, 1697031378209, 1697031378258, 1697031378306, 1697031378355, 1697031378403, 1697031378452, 1697031378501, 1697031378549, 1697031378598, 1697031378647, 1697031378695, 1697031378744, 1697031378793, 1697031378842, 1697031378890, 1697031378947, 1697031378996, 1697031379048, 1697031379097, 1697031379145, 1697031379194, 1697031379242, 1697031379291, 1697031379339, 1697031379388, 1697031379436, 1697031379485, 1697031379534, 1697031379583, 1697031379631, 1697031379680, 1697031379729, 1697031379777, 1697031379826, 1697031379875, 1697031379924, 1697031379977, 1697031380026]"
