,Unnamed: 0,smpnum,reqnum,errors,status,model,num_users,requests,latency_ms,records,n_gpus,gpu_type,start_timestamp,end_timestamp,experiment_duration_s,n_input_tokens,n_output_tokens,latency_ms_per_token,timestamps_per_token
0,0,879,0,[],200,llama-7b,1,1,1794.0,1,2,T4,1697464927376,1697464929170,120,39,55,"[22, 80, 34, 33, 33, 34, 33, 31, 31, 31, 31, 31, 31, 30, 31, 31, 31, 31, 31, 30, 31, 31, 31, 31, 30, 31, 31, 31, 30, 31, 31, 31, 40, 31, 31, 31, 32, 31, 31, 32, 31, 31, 31, 31, 31, 30, 31, 31, 31, 31, 31, 31, 31, 31, 31, 31]","[1697464927398, 1697464927478, 1697464927512, 1697464927545, 1697464927578, 1697464927612, 1697464927645, 1697464927676, 1697464927707, 1697464927738, 1697464927769, 1697464927800, 1697464927831, 1697464927861, 1697464927892, 1697464927923, 1697464927954, 1697464927985, 1697464928016, 1697464928046, 1697464928077, 1697464928108, 1697464928139, 1697464928170, 1697464928200, 1697464928231, 1697464928262, 1697464928293, 1697464928323, 1697464928354, 1697464928385, 1697464928416, 1697464928456, 1697464928487, 1697464928518, 1697464928549, 1697464928581, 1697464928612, 1697464928643, 1697464928675, 1697464928706, 1697464928737, 1697464928768, 1697464928799, 1697464928830, 1697464928860, 1697464928891, 1697464928922, 1697464928953, 1697464928984, 1697464929015, 1697464929046, 1697464929077, 1697464929108, 1697464929139, 1697464929170]"
1,1,562,1,[],200,llama-7b,1,1,1267.0,1,2,T4,1697464929174,1697464930441,120,67,39,"[20, 64, 31, 31, 37, 31, 30, 31, 31, 31, 31, 30, 32, 30, 31, 31, 31, 31, 31, 31, 30, 31, 31, 31, 31, 31, 31, 31, 31, 32, 32, 31, 31, 31, 31, 31, 31, 31, 31, 31]","[1697464929194, 1697464929258, 1697464929289, 1697464929320, 1697464929357, 1697464929388, 1697464929418, 1697464929449, 1697464929480, 1697464929511, 1697464929542, 1697464929572, 1697464929604, 1697464929634, 1697464929665, 1697464929696, 1697464929727, 1697464929758, 1697464929789, 1697464929820, 1697464929850, 1697464929881, 1697464929912, 1697464929943, 1697464929974, 1697464930005, 1697464930036, 1697464930067, 1697464930098, 1697464930130, 1697464930162, 1697464930193, 1697464930224, 1697464930255, 1697464930286, 1697464930317, 1697464930348, 1697464930379, 1697464930410, 1697464930441]"
2,2,156,2,[],200,llama-7b,1,1,671.0,1,2,T4,1697464930443,1697464931114,120,86,20,"[14, 67, 31, 31, 31, 31, 30, 31, 31, 31, 31, 31, 31, 31, 31, 32, 31, 31, 31, 31, 32]","[1697464930457, 1697464930524, 1697464930555, 1697464930586, 1697464930617, 1697464930648, 1697464930678, 1697464930709, 1697464930740, 1697464930771, 1697464930802, 1697464930833, 1697464930864, 1697464930895, 1697464930926, 1697464930958, 1697464930989, 1697464931020, 1697464931051, 1697464931082, 1697464931114]"
3,3,669,3,[],200,llama-7b,1,1,683.0,1,2,T4,1697464931117,1697464931800,120,83,20,"[18, 65, 31, 31, 31, 31, 31, 32, 31, 31, 42, 30, 31, 31, 31, 32, 30, 31, 31, 31, 31]","[1697464931135, 1697464931200, 1697464931231, 1697464931262, 1697464931293, 1697464931324, 1697464931355, 1697464931387, 1697464931418, 1697464931449, 1697464931491, 1697464931521, 1697464931552, 1697464931583, 1697464931614, 1697464931646, 1697464931676, 1697464931707, 1697464931738, 1697464931769, 1697464931800]"
4,4,227,4,[],200,llama-7b,1,1,923.0,1,2,T4,1697464931804,1697464932727,120,364,25,"[18, 136, 32, 31, 32, 32, 32, 32, 31, 32, 31, 32, 31, 32, 33, 34, 32, 31, 38, 31, 31, 32, 32, 31, 32, 32]","[1697464931822, 1697464931958, 1697464931990, 1697464932021, 1697464932053, 1697464932085, 1697464932117, 1697464932149, 1697464932180, 1697464932212, 1697464932243, 1697464932275, 1697464932306, 1697464932338, 1697464932371, 1697464932405, 1697464932437, 1697464932468, 1697464932506, 1697464932537, 1697464932568, 1697464932600, 1697464932632, 1697464932663, 1697464932695, 1697464932727]"
5,5,747,5,[],200,llama-7b,1,1,1208.0,1,2,T4,1697464932731,1697464933939,120,140,36,"[16, 86, 31, 31, 31, 31, 31, 31, 32, 30, 31, 31, 31, 31, 31, 31, 31, 31, 31, 31, 32, 31, 31, 40, 31, 36, 31, 31, 32, 32, 31, 31, 32, 33, 31, 31, 31]","[1697464932747, 1697464932833, 1697464932864, 1697464932895, 1697464932926, 1697464932957, 1697464932988, 1697464933019, 1697464933051, 1697464933081, 1697464933112, 1697464933143, 1697464933174, 1697464933205, 1697464933236, 1697464933267, 1697464933298, 1697464933329, 1697464933360, 1697464933391, 1697464933423, 1697464933454, 1697464933485, 1697464933525, 1697464933556, 1697464933592, 1697464933623, 1697464933654, 1697464933686, 1697464933718, 1697464933749, 1697464933780, 1697464933812, 1697464933845, 1697464933876, 1697464933907, 1697464933938]"
6,6,333,6,[],200,llama-7b,1,1,564.0,1,2,T4,1697464933941,1697464934505,120,563,11,"[17, 225, 33, 32, 32, 32, 32, 32, 32, 32, 33, 32]","[1697464933958, 1697464934183, 1697464934216, 1697464934248, 1697464934280, 1697464934312, 1697464934344, 1697464934376, 1697464934408, 1697464934440, 1697464934473, 1697464934505]"
7,7,854,7,[],200,llama-7b,1,1,949.0,1,2,T4,1697464934508,1697464935457,120,67,29,"[15, 67, 30, 31, 31, 31, 31, 31, 31, 31, 31, 31, 31, 31, 31, 31, 31, 31, 31, 31, 30, 31, 31, 31, 31, 31, 31, 31, 31, 32]","[1697464934523, 1697464934590, 1697464934620, 1697464934651, 1697464934682, 1697464934713, 1697464934744, 1697464934775, 1697464934806, 1697464934837, 1697464934868, 1697464934899, 1697464934930, 1697464934961, 1697464934992, 1697464935023, 1697464935054, 1697464935085, 1697464935116, 1697464935147, 1697464935177, 1697464935208, 1697464935239, 1697464935270, 1697464935301, 1697464935332, 1697464935363, 1697464935394, 1697464935425, 1697464935457]"
8,8,419,8,[],200,llama-7b,1,1,677.0,1,2,T4,1697464935459,1697464936136,120,88,20,"[16, 66, 31, 36, 31, 31, 31, 31, 31, 31, 31, 31, 31, 31, 31, 31, 32, 31, 31, 31, 31]","[1697464935475, 1697464935541, 1697464935572, 1697464935608, 1697464935639, 1697464935670, 1697464935701, 1697464935732, 1697464935763, 1697464935794, 1697464935825, 1697464935856, 1697464935887, 1697464935918, 1697464935949, 1697464935980, 1697464936012, 1697464936043, 1697464936074, 1697464936105, 1697464936136]"
9,9,4,9,[],200,llama-7b,1,1,679.0,1,2,T4,1697464936139,1697464936818,120,89,20,"[7, 70, 31, 31, 31, 31, 32, 32, 32, 31, 32, 31, 40, 30, 31, 31, 31, 32, 31, 31, 31]","[1697464936146, 1697464936216, 1697464936247, 1697464936278, 1697464936309, 1697464936340, 1697464936372, 1697464936404, 1697464936436, 1697464936467, 1697464936499, 1697464936530, 1697464936570, 1697464936600, 1697464936631, 1697464936662, 1697464936693, 1697464936725, 1697464936756, 1697464936787, 1697464936818]"
10,10,526,10,[],200,llama-7b,1,1,669.0,1,2,T4,1697464936821,1697464937490,120,89,20,"[17, 61, 31, 31, 31, 31, 31, 31, 31, 31, 31, 31, 31, 31, 31, 31, 32, 31, 31, 32, 31]","[1697464936838, 1697464936899, 1697464936930, 1697464936961, 1697464936992, 1697464937023, 1697464937054, 1697464937085, 1697464937116, 1697464937147, 1697464937178, 1697464937209, 1697464937240, 1697464937271, 1697464937302, 1697464937333, 1697464937365, 1697464937396, 1697464937427, 1697464937459, 1697464937490]"
11,11,85,11,[],200,llama-7b,1,1,675.0,1,2,T4,1697464937493,1697464938168,120,88,20,"[17, 60, 37, 31, 31, 31, 31, 32, 31, 31, 32, 31, 31, 31, 31, 31, 31, 31, 31, 31, 32]","[1697464937510, 1697464937570, 1697464937607, 1697464937638, 1697464937669, 1697464937700, 1697464937731, 1697464937763, 1697464937794, 1697464937825, 1697464937857, 1697464937888, 1697464937919, 1697464937950, 1697464937981, 1697464938012, 1697464938043, 1697464938074, 1697464938105, 1697464938136, 1697464938168]"
12,12,597,12,[],200,llama-7b,1,1,72.0,1,2,T4,1697464938171,1697464938243,120,39,1,"[18, 54]","[1697464938189, 1697464938243]"
13,13,189,13,[],200,llama-7b,1,1,683.0,1,2,T4,1697464938245,1697464938928,120,88,20,"[17, 66, 31, 31, 32, 31, 31, 32, 31, 39, 30, 31, 31, 32, 31, 31, 31, 31, 31, 31, 31]","[1697464938262, 1697464938328, 1697464938359, 1697464938390, 1697464938422, 1697464938453, 1697464938484, 1697464938516, 1697464938547, 1697464938586, 1697464938616, 1697464938647, 1697464938678, 1697464938710, 1697464938741, 1697464938772, 1697464938803, 1697464938834, 1697464938865, 1697464938896, 1697464938927]"
14,14,704,14,[],200,llama-7b,1,1,70.0,1,2,T4,1697464938930,1697464939000,120,14,1,"[16, 54]","[1697464938946, 1697464939000]"
15,15,379,15,[],200,llama-7b,1,1,700.0,1,2,T4,1697464939003,1697464939703,120,182,20,"[15, 124, 31, 32, 31, 31, 31, 31, 31, 31, 31, 31, 31, 31, 31, 31, 32, 31, 31, 31]","[1697464939018, 1697464939142, 1697464939173, 1697464939205, 1697464939236, 1697464939267, 1697464939298, 1697464939329, 1697464939360, 1697464939391, 1697464939422, 1697464939453, 1697464939484, 1697464939515, 1697464939546, 1697464939577, 1697464939609, 1697464939640, 1697464939671, 1697464939702]"
16,16,905,16,[],200,llama-7b,1,1,62.0,1,2,T4,1697464939706,1697464939768,120,11,1,"[17, 44]","[1697464939723, 1697464939767]"
17,17,490,17,[],200,llama-7b,1,1,191.0,1,2,T4,1697464939770,1697464939961,120,11,5,"[16, 51, 30, 31, 31, 31]","[1697464939786, 1697464939837, 1697464939867, 1697464939898, 1697464939929, 1697464939960]"
18,18,51,18,[],200,llama-7b,1,1,1282.0,1,2,T4,1697464939964,1697464941246,120,364,36,"[11, 150, 32, 32, 32, 31, 32, 32, 32, 31, 32, 31, 32, 32, 31, 32, 39, 32, 31, 32, 33, 32, 32, 32, 31, 33, 32, 31, 32, 32, 32, 32, 31, 32, 32, 32, 32]","[1697464939975, 1697464940125, 1697464940157, 1697464940189, 1697464940221, 1697464940252, 1697464940284, 1697464940316, 1697464940348, 1697464940379, 1697464940411, 1697464940442, 1697464940474, 1697464940506, 1697464940537, 1697464940569, 1697464940608, 1697464940640, 1697464940671, 1697464940703, 1697464940736, 1697464940768, 1697464940800, 1697464940832, 1697464940863, 1697464940896, 1697464940928, 1697464940959, 1697464940991, 1697464941023, 1697464941055, 1697464941087, 1697464941118, 1697464941150, 1697464941182, 1697464941214, 1697464941246]"
19,19,572,19,[],200,llama-7b,1,1,61.0,1,2,T4,1697464941250,1697464941311,120,16,1,"[16, 45]","[1697464941266, 1697464941311]"
20,20,155,20,[],200,llama-7b,1,1,687.0,1,2,T4,1697464941312,1697464941999,120,90,20,"[16, 65, 31, 31, 32, 31, 31, 31, 40, 31, 36, 31, 31, 31, 31, 32, 31, 31, 31, 31, 32]","[1697464941328, 1697464941393, 1697464941424, 1697464941455, 1697464941487, 1697464941518, 1697464941549, 1697464941580, 1697464941620, 1697464941651, 1697464941687, 1697464941718, 1697464941749, 1697464941780, 1697464941811, 1697464941843, 1697464941874, 1697464941905, 1697464941936, 1697464941967, 1697464941999]"
21,21,677,21,[],200,llama-7b,1,1,61.0,1,2,T4,1697464942002,1697464942063,120,9,1,"[17, 44]","[1697464942019, 1697464942063]"
22,22,236,22,[],200,llama-7b,1,1,65.0,1,2,T4,1697464942066,1697464942131,120,8,1,"[16, 48]","[1697464942082, 1697464942130]"
23,23,755,23,[],200,llama-7b,1,1,933.0,1,2,T4,1697464942132,1697464943065,120,286,25,"[6, 156, 32, 32, 32, 32, 31, 32, 31, 32, 31, 32, 31, 32, 31, 32, 31, 32, 31, 32, 31, 32, 32, 38, 37, 32]","[1697464942138, 1697464942294, 1697464942326, 1697464942358, 1697464942390, 1697464942422, 1697464942453, 1697464942485, 1697464942516, 1697464942548, 1697464942579, 1697464942611, 1697464942642, 1697464942674, 1697464942705, 1697464942737, 1697464942768, 1697464942800, 1697464942831, 1697464942863, 1697464942894, 1697464942926, 1697464942958, 1697464942996, 1697464943033, 1697464943065]"
24,24,347,24,[],200,llama-7b,1,1,2313.0,1,2,T4,1697464943066,1697464945379,120,100,72,"[17, 99, 31, 31, 31, 31, 31, 31, 31, 31, 31, 31, 31, 31, 31, 31, 31, 31, 31, 31, 31, 31, 31, 31, 31, 31, 31, 32, 32, 33, 32, 32, 31, 32, 31, 31, 31, 31, 31, 32, 31, 31, 31, 31, 31, 31, 31, 32, 42, 30, 31, 31, 31, 31, 31, 32, 31, 31, 32, 31, 32, 33, 31, 32, 31, 31, 32, 31, 31, 31, 32, 31]","[1697464943083, 1697464943182, 1697464943213, 1697464943244, 1697464943275, 1697464943306, 1697464943337, 1697464943368, 1697464943399, 1697464943430, 1697464943461, 1697464943492, 1697464943523, 1697464943554, 1697464943585, 1697464943616, 1697464943647, 1697464943678, 1697464943709, 1697464943740, 1697464943771, 1697464943802, 1697464943833, 1697464943864, 1697464943895, 1697464943926, 1697464943957, 1697464943989, 1697464944021, 1697464944054, 1697464944086, 1697464944118, 1697464944149, 1697464944181, 1697464944212, 1697464944243, 1697464944274, 1697464944305, 1697464944336, 1697464944368, 1697464944399, 1697464944430, 1697464944461, 1697464944492, 1697464944523, 1697464944554, 1697464944585, 1697464944617, 1697464944659, 1697464944689, 1697464944720, 1697464944751, 1697464944782, 1697464944813, 1697464944844, 1697464944876, 1697464944907, 1697464944938, 1697464944970, 1697464945001, 1697464945033, 1697464945066, 1697464945097, 1697464945129, 1697464945160, 1697464945191, 1697464945223, 1697464945254, 1697464945285, 1697464945316, 1697464945348, 1697464945379]"
25,25,833,25,[],200,llama-7b,1,1,481.0,1,2,T4,1697464945382,1697464945863,120,563,8,"[16, 236, 36, 32, 32, 32, 32, 32, 32]","[1697464945398, 1697464945634, 1697464945670, 1697464945702, 1697464945734, 1697464945766, 1697464945798, 1697464945830, 1697464945862]"
26,26,422,26,[],200,llama-7b,1,1,75.0,1,2,T4,1697464945867,1697464945942,120,26,1,"[16, 59]","[1697464945883, 1697464945942]"
27,27,12,27,[],200,llama-7b,1,1,61.0,1,2,T4,1697464945945,1697464946006,120,11,1,"[17, 44]","[1697464945962, 1697464946006]"
28,28,525,28,[],200,llama-7b,1,1,1853.0,1,2,T4,1697464946010,1697464947863,120,216,55,"[16, 106, 31, 32, 31, 31, 32, 31, 32, 31, 32, 34, 31, 31, 31, 32, 31, 33, 40, 31, 32, 31, 32, 31, 32, 32, 33, 32, 32, 32, 34, 31, 31, 32, 31, 32, 31, 31, 32, 31, 31, 32, 31, 32, 32, 31, 32, 31, 32, 32, 44, 31, 32, 32, 31, 32]","[1697464946026, 1697464946132, 1697464946163, 1697464946195, 1697464946226, 1697464946257, 1697464946289, 1697464946320, 1697464946352, 1697464946383, 1697464946415, 1697464946449, 1697464946480, 1697464946511, 1697464946542, 1697464946574, 1697464946605, 1697464946638, 1697464946678, 1697464946709, 1697464946741, 1697464946772, 1697464946804, 1697464946835, 1697464946867, 1697464946899, 1697464946932, 1697464946964, 1697464946996, 1697464947028, 1697464947062, 1697464947093, 1697464947124, 1697464947156, 1697464947187, 1697464947219, 1697464947250, 1697464947281, 1697464947313, 1697464947344, 1697464947375, 1697464947407, 1697464947438, 1697464947470, 1697464947502, 1697464947533, 1697464947565, 1697464947596, 1697464947628, 1697464947660, 1697464947704, 1697464947735, 1697464947767, 1697464947799, 1697464947830, 1697464947862]"
29,29,202,29,[],200,llama-7b,1,1,2711.0,1,2,T4,1697464947866,1697464950577,120,874,72,"[17, 331, 33, 33, 33, 33, 33, 33, 32, 35, 33, 33, 33, 33, 32, 33, 40, 32, 34, 33, 34, 32, 33, 33, 33, 34, 33, 32, 34, 33, 33, 34, 33, 33, 33, 33, 33, 34, 32, 34, 36, 32, 33, 34, 33, 33, 37, 33, 33, 33, 33, 33, 34, 33, 34, 33, 33, 33, 33, 33, 33, 33, 33, 33, 33, 33, 33, 34, 33, 33, 33, 33, 33]","[1697464947883, 1697464948214, 1697464948247, 1697464948280, 1697464948313, 1697464948346, 1697464948379, 1697464948412, 1697464948444, 1697464948479, 1697464948512, 1697464948545, 1697464948578, 1697464948611, 1697464948643, 1697464948676, 1697464948716, 1697464948748, 1697464948782, 1697464948815, 1697464948849, 1697464948881, 1697464948914, 1697464948947, 1697464948980, 1697464949014, 1697464949047, 1697464949079, 1697464949113, 1697464949146, 1697464949179, 1697464949213, 1697464949246, 1697464949279, 1697464949312, 1697464949345, 1697464949378, 1697464949412, 1697464949444, 1697464949478, 1697464949514, 1697464949546, 1697464949579, 1697464949613, 1697464949646, 1697464949679, 1697464949716, 1697464949749, 1697464949782, 1697464949815, 1697464949848, 1697464949881, 1697464949915, 1697464949948, 1697464949982, 1697464950015, 1697464950048, 1697464950081, 1697464950114, 1697464950147, 1697464950180, 1697464950213, 1697464950246, 1697464950279, 1697464950312, 1697464950345, 1697464950378, 1697464950412, 1697464950445, 1697464950478, 1697464950511, 1697464950544, 1697464950577]"
30,30,723,30,[],200,llama-7b,1,1,63.0,1,2,T4,1697464950580,1697464950643,120,14,1,"[18, 45]","[1697464950598, 1697464950643]"
31,31,312,31,[],200,llama-7b,1,1,66.0,1,2,T4,1697464950648,1697464950714,120,23,1,"[15, 51]","[1697464950663, 1697464950714]"
32,32,804,32,[],200,llama-7b,1,1,65.0,1,2,T4,1697464950718,1697464950783,120,20,1,"[14, 51]","[1697464950732, 1697464950783]"
33,33,394,33,[],200,llama-7b,1,1,50.0,1,2,T4,1697464950787,1697464950837,120,11,1,"[6, 44]","[1697464950793, 1697464950837]"
34,34,908,34,[],200,llama-7b,1,1,1572.0,1,2,T4,1697464950840,1697464952412,120,6,50,"[7, 44, 30, 30, 31, 31, 31, 30, 31, 31, 31, 31, 30, 31, 31, 31, 30, 31, 31, 31, 31, 31, 31, 32, 31, 32, 32, 32, 36, 31, 31, 31, 31, 31, 30, 32, 30, 31, 31, 31, 31, 31, 30, 31, 31, 31, 31, 31, 31, 30, 31]","[1697464950847, 1697464950891, 1697464950921, 1697464950951, 1697464950982, 1697464951013, 1697464951044, 1697464951074, 1697464951105, 1697464951136, 1697464951167, 1697464951198, 1697464951228, 1697464951259, 1697464951290, 1697464951321, 1697464951351, 1697464951382, 1697464951413, 1697464951444, 1697464951475, 1697464951506, 1697464951537, 1697464951569, 1697464951600, 1697464951632, 1697464951664, 1697464951696, 1697464951732, 1697464951763, 1697464951794, 1697464951825, 1697464951856, 1697464951887, 1697464951917, 1697464951949, 1697464951979, 1697464952010, 1697464952041, 1697464952072, 1697464952103, 1697464952134, 1697464952164, 1697464952195, 1697464952226, 1697464952257, 1697464952288, 1697464952319, 1697464952350, 1697464952380, 1697464952411]"
35,35,498,35,[],200,llama-7b,1,1,59.0,1,2,T4,1697464952415,1697464952474,120,9,1,"[14, 45]","[1697464952429, 1697464952474]"
36,36,57,36,[],200,llama-7b,1,1,62.0,1,2,T4,1697464952475,1697464952537,120,13,1,"[13, 48]","[1697464952488, 1697464952536]"
37,37,572,37,[],200,llama-7b,1,1,55.0,1,2,T4,1697464952540,1697464952595,120,16,1,"[7, 48]","[1697464952547, 1697464952595]"
38,38,164,38,[],200,llama-7b,1,1,65.0,1,2,T4,1697464952599,1697464952664,120,15,1,"[12, 52]","[1697464952611, 1697464952663]"
39,39,654,39,[],200,llama-7b,1,1,163.0,1,2,T4,1697464952666,1697464952829,120,47,4,"[16, 55, 30, 31, 31]","[1697464952682, 1697464952737, 1697464952767, 1697464952798, 1697464952829]"
40,40,244,40,[],200,llama-7b,1,1,62.0,1,2,T4,1697464952832,1697464952894,120,9,1,"[18, 44]","[1697464952850, 1697464952894]"
41,41,764,41,[],200,llama-7b,1,1,61.0,1,2,T4,1697464952897,1697464952958,120,39,1,"[6, 55]","[1697464952903, 1697464952958]"
42,42,347,42,[],200,llama-7b,1,1,2311.0,1,2,T4,1697464952962,1697464955273,120,100,72,"[7, 95, 31, 32, 31, 31, 31, 31, 31, 31, 31, 31, 32, 31, 31, 31, 32, 32, 31, 32, 31, 31, 31, 39, 31, 31, 32, 32, 31, 32, 31, 31, 31, 32, 31, 31, 32, 31, 31, 31, 31, 31, 32, 31, 31, 32, 31, 31, 32, 31, 32, 31, 32, 31, 32, 41, 31, 31, 31, 32, 31, 32, 31, 31, 32, 31, 31, 32, 31, 31, 32, 31]","[1697464952969, 1697464953064, 1697464953095, 1697464953127, 1697464953158, 1697464953189, 1697464953220, 1697464953251, 1697464953282, 1697464953313, 1697464953344, 1697464953375, 1697464953407, 1697464953438, 1697464953469, 1697464953500, 1697464953532, 1697464953564, 1697464953595, 1697464953627, 1697464953658, 1697464953689, 1697464953720, 1697464953759, 1697464953790, 1697464953821, 1697464953853, 1697464953885, 1697464953916, 1697464953948, 1697464953979, 1697464954010, 1697464954041, 1697464954073, 1697464954104, 1697464954135, 1697464954167, 1697464954198, 1697464954229, 1697464954260, 1697464954291, 1697464954322, 1697464954354, 1697464954385, 1697464954416, 1697464954448, 1697464954479, 1697464954510, 1697464954542, 1697464954573, 1697464954605, 1697464954636, 1697464954668, 1697464954699, 1697464954731, 1697464954772, 1697464954803, 1697464954834, 1697464954865, 1697464954897, 1697464954928, 1697464954960, 1697464954991, 1697464955022, 1697464955054, 1697464955085, 1697464955116, 1697464955148, 1697464955179, 1697464955210, 1697464955242, 1697464955273]"
43,43,26,43,[],200,llama-7b,1,1,77.0,1,2,T4,1697464955278,1697464955355,120,18,1,"[16, 61]","[1697464955294, 1697464955355]"
44,44,546,44,[],200,llama-7b,1,1,686.0,1,2,T4,1697464955358,1697464956044,120,93,20,"[16, 61, 36, 31, 32, 31, 31, 31, 32, 31, 31, 31, 41, 31, 31, 32, 31, 32, 31, 31, 32]","[1697464955374, 1697464955435, 1697464955471, 1697464955502, 1697464955534, 1697464955565, 1697464955596, 1697464955627, 1697464955659, 1697464955690, 1697464955721, 1697464955752, 1697464955793, 1697464955824, 1697464955855, 1697464955887, 1697464955918, 1697464955950, 1697464955981, 1697464956012, 1697464956044]"
45,45,130,45,[],200,llama-7b,1,1,59.0,1,2,T4,1697464956048,1697464956107,120,14,1,"[7, 52]","[1697464956055, 1697464956107]"
46,46,627,46,[],200,llama-7b,1,1,694.0,1,2,T4,1697464956110,1697464956804,120,93,20,"[16, 70, 34, 32, 32, 31, 32, 31, 31, 31, 31, 32, 31, 31, 32, 31, 31, 31, 32, 31, 41]","[1697464956126, 1697464956196, 1697464956230, 1697464956262, 1697464956294, 1697464956325, 1697464956357, 1697464956388, 1697464956419, 1697464956450, 1697464956481, 1697464956513, 1697464956544, 1697464956575, 1697464956607, 1697464956638, 1697464956669, 1697464956700, 1697464956732, 1697464956763, 1697464956804]"
47,47,215,47,[],200,llama-7b,1,1,63.0,1,2,T4,1697464956807,1697464956870,120,12,1,"[18, 45]","[1697464956825, 1697464956870]"
48,48,730,48,[],200,llama-7b,1,1,528.0,1,2,T4,1697464956873,1697464957401,120,364,12,"[17, 161, 32, 32, 32, 32, 32, 31, 32, 32, 31, 32, 32]","[1697464956890, 1697464957051, 1697464957083, 1697464957115, 1697464957147, 1697464957179, 1697464957211, 1697464957242, 1697464957274, 1697464957306, 1697464957337, 1697464957369, 1697464957401]"
49,49,322,49,[],200,llama-7b,1,1,681.0,1,2,T4,1697464957404,1697464958085,120,93,20,"[10, 70, 31, 31, 32, 31, 31, 31, 32, 31, 32, 32, 32, 32, 32, 31, 34, 32, 31, 31, 31]","[1697464957414, 1697464957484, 1697464957515, 1697464957546, 1697464957578, 1697464957609, 1697464957640, 1697464957671, 1697464957703, 1697464957734, 1697464957766, 1697464957798, 1697464957830, 1697464957862, 1697464957894, 1697464957925, 1697464957959, 1697464957991, 1697464958022, 1697464958053, 1697464958084]"
50,50,804,50,[],200,llama-7b,1,1,69.0,1,2,T4,1697464958088,1697464958157,120,20,1,"[18, 51]","[1697464958106, 1697464958157]"
51,51,393,51,[],200,llama-7b,1,1,772.0,1,2,T4,1697464958160,1697464958932,120,182,22,"[17, 86, 32, 32, 32, 31, 31, 32, 31, 31, 32, 31, 31, 32, 31, 31, 32, 31, 32, 40, 31, 31, 32]","[1697464958177, 1697464958263, 1697464958295, 1697464958327, 1697464958359, 1697464958390, 1697464958421, 1697464958453, 1697464958484, 1697464958515, 1697464958547, 1697464958578, 1697464958609, 1697464958641, 1697464958672, 1697464958703, 1697464958735, 1697464958766, 1697464958798, 1697464958838, 1697464958869, 1697464958900, 1697464958932]"
52,52,916,52,[],200,llama-7b,1,1,63.0,1,2,T4,1697464958935,1697464958998,120,8,1,"[19, 44]","[1697464958954, 1697464958998]"
53,53,500,53,[],200,llama-7b,1,1,482.0,1,2,T4,1697464959000,1697464959482,120,335,11,"[12, 153, 32, 31, 32, 32, 31, 32, 32, 32, 31, 32]","[1697464959012, 1697464959165, 1697464959197, 1697464959228, 1697464959260, 1697464959292, 1697464959323, 1697464959355, 1697464959387, 1697464959419, 1697464959450, 1697464959482]"
54,54,65,54,[],200,llama-7b,1,1,987.0,1,2,T4,1697464959486,1697464960473,120,39,30,"[17, 53, 30, 32, 31, 31, 31, 32, 31, 31, 37, 31, 32, 33, 32, 32, 31, 31, 32, 31, 31, 31, 31, 32, 31, 31, 31, 32, 31, 33, 32]","[1697464959503, 1697464959556, 1697464959586, 1697464959618, 1697464959649, 1697464959680, 1697464959711, 1697464959743, 1697464959774, 1697464959805, 1697464959842, 1697464959873, 1697464959905, 1697464959938, 1697464959970, 1697464960002, 1697464960033, 1697464960064, 1697464960096, 1697464960127, 1697464960158, 1697464960189, 1697464960220, 1697464960252, 1697464960283, 1697464960314, 1697464960345, 1697464960377, 1697464960408, 1697464960441, 1697464960473]"
55,55,586,55,[],200,llama-7b,1,1,681.0,1,2,T4,1697464960476,1697464961157,120,85,20,"[17, 61, 31, 31, 32, 31, 31, 31, 32, 31, 40, 30, 32, 31, 32, 31, 32, 31, 31, 32, 31]","[1697464960493, 1697464960554, 1697464960585, 1697464960616, 1697464960648, 1697464960679, 1697464960710, 1697464960741, 1697464960773, 1697464960804, 1697464960844, 1697464960874, 1697464960906, 1697464960937, 1697464960969, 1697464961000, 1697464961032, 1697464961063, 1697464961094, 1697464961126, 1697464961157]"
56,56,172,56,[],200,llama-7b,1,1,70.0,1,2,T4,1697464961162,1697464961232,120,19,1,"[14, 56]","[1697464961176, 1697464961232]"
57,57,780,57,[],200,llama-7b,1,1,688.0,1,2,T4,1697464961235,1697464961923,120,85,20,"[6, 63, 31, 37, 35, 31, 31, 31, 32, 31, 31, 32, 31, 31, 32, 31, 31, 32, 35, 40, 33]","[1697464961241, 1697464961304, 1697464961335, 1697464961372, 1697464961407, 1697464961438, 1697464961469, 1697464961500, 1697464961532, 1697464961563, 1697464961594, 1697464961626, 1697464961657, 1697464961688, 1697464961720, 1697464961751, 1697464961782, 1697464961814, 1697464961849, 1697464961889, 1697464961922]"
58,58,366,58,[],200,llama-7b,1,1,239.0,1,2,T4,1697464961925,1697464962164,120,85,6,"[14, 68, 31, 31, 32, 31, 32]","[1697464961939, 1697464962007, 1697464962038, 1697464962069, 1697464962101, 1697464962132, 1697464962164]"
59,59,881,59,[],200,llama-7b,1,1,225.0,1,2,T4,1697464962167,1697464962392,120,58,6,"[10, 60, 30, 31, 31, 32, 31]","[1697464962177, 1697464962237, 1697464962267, 1697464962298, 1697464962329, 1697464962361, 1697464962392]"
60,60,473,60,[],200,llama-7b,1,1,1720.0,1,2,T4,1697464962396,1697464964116,120,244,50,"[13, 117, 32, 32, 31, 31, 32, 31, 32, 32, 31, 32, 32, 39, 32, 31, 32, 32, 32, 32, 32, 33, 32, 32, 32, 32, 32, 32, 31, 32, 32, 31, 32, 32, 32, 32, 31, 32, 32, 31, 33, 32, 31, 47, 41, 31, 32, 32, 32, 31, 33]","[1697464962409, 1697464962526, 1697464962558, 1697464962590, 1697464962621, 1697464962652, 1697464962684, 1697464962715, 1697464962747, 1697464962779, 1697464962810, 1697464962842, 1697464962874, 1697464962913, 1697464962945, 1697464962976, 1697464963008, 1697464963040, 1697464963072, 1697464963104, 1697464963136, 1697464963169, 1697464963201, 1697464963233, 1697464963265, 1697464963297, 1697464963329, 1697464963361, 1697464963392, 1697464963424, 1697464963456, 1697464963487, 1697464963519, 1697464963551, 1697464963583, 1697464963615, 1697464963646, 1697464963678, 1697464963710, 1697464963741, 1697464963774, 1697464963806, 1697464963837, 1697464963884, 1697464963925, 1697464963956, 1697464963988, 1697464964020, 1697464964052, 1697464964083, 1697464964116]"
61,61,38,61,[],200,llama-7b,1,1,676.0,1,2,T4,1697464964119,1697464964795,120,88,20,"[18, 61, 33, 31, 31, 31, 32, 31, 31, 31, 32, 31, 31, 32, 31, 31, 32, 31, 31, 32, 32]","[1697464964137, 1697464964198, 1697464964231, 1697464964262, 1697464964293, 1697464964324, 1697464964356, 1697464964387, 1697464964418, 1697464964449, 1697464964481, 1697464964512, 1697464964543, 1697464964575, 1697464964606, 1697464964637, 1697464964669, 1697464964700, 1697464964731, 1697464964763, 1697464964795]"
62,62,551,62,[],200,llama-7b,1,1,686.0,1,2,T4,1697464964798,1697464965484,120,90,20,"[16, 65, 32, 40, 31, 31, 32, 31, 32, 31, 32, 31, 31, 32, 31, 31, 32, 31, 31, 31, 32]","[1697464964814, 1697464964879, 1697464964911, 1697464964951, 1697464964982, 1697464965013, 1697464965045, 1697464965076, 1697464965108, 1697464965139, 1697464965171, 1697464965202, 1697464965233, 1697464965265, 1697464965296, 1697464965327, 1697464965359, 1697464965390, 1697464965421, 1697464965452, 1697464965484]"
63,63,145,63,[],200,llama-7b,1,1,354.0,1,2,T4,1697464965487,1697464965841,120,161,9,"[8, 91, 32, 32, 32, 31, 32, 33, 31, 32]","[1697464965495, 1697464965586, 1697464965618, 1697464965650, 1697464965682, 1697464965713, 1697464965745, 1697464965778, 1697464965809, 1697464965841]"
64,64,630,64,[],200,llama-7b,1,1,63.0,1,2,T4,1697464965845,1697464965908,120,6,1,"[16, 47]","[1697464965861, 1697464965908]"
65,65,215,65,[],200,llama-7b,1,1,62.0,1,2,T4,1697464965911,1697464965973,120,12,1,"[18, 44]","[1697464965929, 1697464965973]"
66,66,736,66,[],200,llama-7b,1,1,12834.0,1,2,T4,1697464965982,1697464978816,120,563,381,"[16, 207, 34, 33, 32, 33, 32, 32, 33, 32, 33, 32, 32, 37, 34, 32, 32, 33, 32, 33, 32, 34, 37, 35, 41, 33, 32, 33, 32, 32, 32, 32, 33, 32, 32, 32, 32, 33, 32, 32, 32, 32, 33, 32, 32, 32, 33, 32, 32, 33, 32, 33, 33, 41, 32, 43, 32, 32, 33, 32, 32, 33, 32, 32, 34, 32, 32, 33, 32, 32, 32, 32, 33, 32, 32, 33, 32, 32, 33, 32, 33, 34, 33, 32, 42, 32, 42, 32, 33, 34, 33, 32, 33, 33, 32, 33, 32, 33, 32, 33, 32, 33, 32, 33, 32, 33, 32, 33, 32, 33, 33, 33, 33, 33, 33, 33, 33, 44, 31, 33, 32, 33, 32, 33, 32, 33, 32, 33, 33, 32, 33, 32, 33, 32, 33, 32, 33, 32, 33, 33, 32, 33, 33, 33, 33, 40, 33, 33, 40, 32, 33, 37, 33, 32, 33, 32, 32, 33, 33, 32, 33, 32, 32, 33, 32, 33, 33, 32, 33, 32, 33, 33, 33, 33, 33, 33, 34, 32, 33, 42, 33, 32, 33, 32, 33, 32, 33, 33, 32, 33, 33, 32, 33, 32, 33, 32, 33, 33, 32, 33, 33, 33, 33, 33, 33, 33, 40, 33, 33, 33, 34, 33, 33, 33, 34, 32, 33, 33, 33, 33, 32, 33, 33, 33, 32, 33, 33, 33, 33, 33, 33, 33, 33, 33, 33, 33, 34, 33, 33, 34, 46, 32, 33, 33, 32, 33, 33, 33, 33, 32, 33, 33, 33, 32, 33, 33, 33, 33, 33, 33, 33, 33, 33, 33, 33, 34, 33, 42, 33, 32, 33, 33, 33, 33, 33, 33, 33, 32, 33, 33, 33, 32, 33, 33, 33, 33, 33, 33, 33, 33, 33, 33, 33, 32, 34, 33, 34, 33, 33, 33, 33, 42, 32, 33, 33, 33, 33, 33, 32, 33, 33, 33, 33, 33, 33, 33, 32, 33, 33, 33, 33, 33, 33, 33, 33, 33, 33, 34, 40, 33, 33, 36, 32, 33, 33, 33, 33, 33, 33, 33, 34, 33, 33, 33, 33, 33, 33, 33, 33, 33, 34, 33, 33, 33, 34, 33, 34, 33, 38, 33, 34, 33, 43, 33, 33, 33, 33, 33, 33, 33, 33, 33, 33, 33, 33, 33, 33, 33, 33, 34, 32, 34]","[1697464965998, 1697464966205, 1697464966239, 1697464966272, 1697464966304, 1697464966337, 1697464966369, 1697464966401, 1697464966434, 1697464966466, 1697464966499, 1697464966531, 1697464966563, 1697464966600, 1697464966634, 1697464966666, 1697464966698, 1697464966731, 1697464966763, 1697464966796, 1697464966828, 1697464966862, 1697464966899, 1697464966934, 1697464966975, 1697464967008, 1697464967040, 1697464967073, 1697464967105, 1697464967137, 1697464967169, 1697464967201, 1697464967234, 1697464967266, 1697464967298, 1697464967330, 1697464967362, 1697464967395, 1697464967427, 1697464967459, 1697464967491, 1697464967523, 1697464967556, 1697464967588, 1697464967620, 1697464967652, 1697464967685, 1697464967717, 1697464967749, 1697464967782, 1697464967814, 1697464967847, 1697464967880, 1697464967921, 1697464967953, 1697464967996, 1697464968028, 1697464968060, 1697464968093, 1697464968125, 1697464968157, 1697464968190, 1697464968222, 1697464968254, 1697464968288, 1697464968320, 1697464968352, 1697464968385, 1697464968417, 1697464968449, 1697464968481, 1697464968513, 1697464968546, 1697464968578, 1697464968610, 1697464968643, 1697464968675, 1697464968707, 1697464968740, 1697464968772, 1697464968805, 1697464968839, 1697464968872, 1697464968904, 1697464968946, 1697464968978, 1697464969020, 1697464969052, 1697464969085, 1697464969119, 1697464969152, 1697464969184, 1697464969217, 1697464969250, 1697464969282, 1697464969315, 1697464969347, 1697464969380, 1697464969412, 1697464969445, 1697464969477, 1697464969510, 1697464969542, 1697464969575, 1697464969607, 1697464969640, 1697464969672, 1697464969705, 1697464969737, 1697464969770, 1697464969803, 1697464969836, 1697464969869, 1697464969902, 1697464969935, 1697464969968, 1697464970001, 1697464970045, 1697464970076, 1697464970109, 1697464970141, 1697464970174, 1697464970206, 1697464970239, 1697464970271, 1697464970304, 1697464970336, 1697464970369, 1697464970402, 1697464970434, 1697464970467, 1697464970499, 1697464970532, 1697464970564, 1697464970597, 1697464970629, 1697464970662, 1697464970694, 1697464970727, 1697464970760, 1697464970792, 1697464970825, 1697464970858, 1697464970891, 1697464970924, 1697464970964, 1697464970997, 1697464971030, 1697464971070, 1697464971102, 1697464971135, 1697464971172, 1697464971205, 1697464971237, 1697464971270, 1697464971302, 1697464971334, 1697464971367, 1697464971400, 1697464971432, 1697464971465, 1697464971497, 1697464971529, 1697464971562, 1697464971594, 1697464971627, 1697464971660, 1697464971692, 1697464971725, 1697464971757, 1697464971790, 1697464971823, 1697464971856, 1697464971889, 1697464971922, 1697464971955, 1697464971989, 1697464972021, 1697464972054, 1697464972096, 1697464972129, 1697464972161, 1697464972194, 1697464972226, 1697464972259, 1697464972291, 1697464972324, 1697464972357, 1697464972389, 1697464972422, 1697464972455, 1697464972487, 1697464972520, 1697464972552, 1697464972585, 1697464972617, 1697464972650, 1697464972683, 1697464972715, 1697464972748, 1697464972781, 1697464972814, 1697464972847, 1697464972880, 1697464972913, 1697464972946, 1697464972986, 1697464973019, 1697464973052, 1697464973085, 1697464973119, 1697464973152, 1697464973185, 1697464973218, 1697464973252, 1697464973284, 1697464973317, 1697464973350, 1697464973383, 1697464973416, 1697464973448, 1697464973481, 1697464973514, 1697464973547, 1697464973579, 1697464973612, 1697464973645, 1697464973678, 1697464973711, 1697464973744, 1697464973777, 1697464973810, 1697464973843, 1697464973876, 1697464973909, 1697464973942, 1697464973976, 1697464974009, 1697464974042, 1697464974076, 1697464974122, 1697464974154, 1697464974187, 1697464974220, 1697464974252, 1697464974285, 1697464974318, 1697464974351, 1697464974384, 1697464974416, 1697464974449, 1697464974482, 1697464974515, 1697464974547, 1697464974580, 1697464974613, 1697464974646, 1697464974679, 1697464974712, 1697464974745, 1697464974778, 1697464974811, 1697464974844, 1697464974877, 1697464974910, 1697464974944, 1697464974977, 1697464975019, 1697464975052, 1697464975084, 1697464975117, 1697464975150, 1697464975183, 1697464975216, 1697464975249, 1697464975282, 1697464975315, 1697464975347, 1697464975380, 1697464975413, 1697464975446, 1697464975478, 1697464975511, 1697464975544, 1697464975577, 1697464975610, 1697464975643, 1697464975676, 1697464975709, 1697464975742, 1697464975775, 1697464975808, 1697464975841, 1697464975873, 1697464975907, 1697464975940, 1697464975974, 1697464976007, 1697464976040, 1697464976073, 1697464976106, 1697464976148, 1697464976180, 1697464976213, 1697464976246, 1697464976279, 1697464976312, 1697464976345, 1697464976377, 1697464976410, 1697464976443, 1697464976476, 1697464976509, 1697464976542, 1697464976575, 1697464976608, 1697464976640, 1697464976673, 1697464976706, 1697464976739, 1697464976772, 1697464976805, 1697464976838, 1697464976871, 1697464976904, 1697464976937, 1697464976970, 1697464977004, 1697464977044, 1697464977077, 1697464977110, 1697464977146, 1697464977178, 1697464977211, 1697464977244, 1697464977277, 1697464977310, 1697464977343, 1697464977376, 1697464977409, 1697464977443, 1697464977476, 1697464977509, 1697464977542, 1697464977575, 1697464977608, 1697464977641, 1697464977674, 1697464977707, 1697464977740, 1697464977774, 1697464977807, 1697464977840, 1697464977873, 1697464977907, 1697464977940, 1697464977974, 1697464978007, 1697464978045, 1697464978078, 1697464978112, 1697464978145, 1697464978188, 1697464978221, 1697464978254, 1697464978287, 1697464978320, 1697464978353, 1697464978386, 1697464978419, 1697464978452, 1697464978485, 1697464978518, 1697464978551, 1697464978584, 1697464978617, 1697464978650, 1697464978683, 1697464978716, 1697464978750, 1697464978782, 1697464978816]"
67,67,322,67,[],200,llama-7b,1,1,691.0,1,2,T4,1697464978819,1697464979510,120,93,20,"[16, 64, 31, 32, 31, 32, 38, 31, 31, 32, 39, 31, 31, 32, 31, 31, 32, 31, 32, 31, 32]","[1697464978835, 1697464978899, 1697464978930, 1697464978962, 1697464978993, 1697464979025, 1697464979063, 1697464979094, 1697464979125, 1697464979157, 1697464979196, 1697464979227, 1697464979258, 1697464979290, 1697464979321, 1697464979352, 1697464979384, 1697464979415, 1697464979447, 1697464979478, 1697464979510]"
68,68,814,68,[],200,llama-7b,1,1,695.0,1,2,T4,1697464979514,1697464980209,120,89,20,"[14, 66, 31, 31, 31, 32, 31, 32, 32, 32, 31, 31, 32, 31, 32, 32, 41, 31, 31, 32, 39]","[1697464979528, 1697464979594, 1697464979625, 1697464979656, 1697464979687, 1697464979719, 1697464979750, 1697464979782, 1697464979814, 1697464979846, 1697464979877, 1697464979908, 1697464979940, 1697464979971, 1697464980003, 1697464980035, 1697464980076, 1697464980107, 1697464980138, 1697464980170, 1697464980209]"
69,69,408,69,[],200,llama-7b,1,1,58.0,1,2,T4,1697464980213,1697464980271,120,16,1,"[7, 50]","[1697464980220, 1697464980270]"
70,70,922,70,[],200,llama-7b,1,1,675.0,1,2,T4,1697464980273,1697464980948,120,91,20,"[18, 60, 31, 31, 32, 32, 31, 31, 32, 31, 32, 31, 31, 32, 31, 31, 32, 31, 32, 31, 32]","[1697464980291, 1697464980351, 1697464980382, 1697464980413, 1697464980445, 1697464980477, 1697464980508, 1697464980539, 1697464980571, 1697464980602, 1697464980634, 1697464980665, 1697464980696, 1697464980728, 1697464980759, 1697464980790, 1697464980822, 1697464980853, 1697464980885, 1697464980916, 1697464980948]"
71,71,602,71,[],200,llama-7b,1,1,60.0,1,2,T4,1697464980952,1697464981012,120,15,1,"[15, 45]","[1697464980967, 1697464981012]"
72,72,191,72,[],200,llama-7b,1,1,685.0,1,2,T4,1697464981015,1697464981700,120,85,20,"[19, 59, 32, 32, 32, 40, 31, 32, 31, 31, 32, 31, 31, 31, 32, 31, 32, 31, 32, 31, 31]","[1697464981034, 1697464981093, 1697464981125, 1697464981157, 1697464981189, 1697464981229, 1697464981260, 1697464981292, 1697464981323, 1697464981354, 1697464981386, 1697464981417, 1697464981448, 1697464981479, 1697464981511, 1697464981542, 1697464981574, 1697464981605, 1697464981637, 1697464981668, 1697464981699]"
73,73,702,73,[],200,llama-7b,1,1,693.0,1,2,T4,1697464981703,1697464982396,120,89,20,"[15, 68, 31, 32, 32, 31, 33, 32, 31, 32, 32, 31, 32, 31, 32, 41, 31, 31, 32, 31, 32]","[1697464981718, 1697464981786, 1697464981817, 1697464981849, 1697464981881, 1697464981912, 1697464981945, 1697464981977, 1697464982008, 1697464982040, 1697464982072, 1697464982103, 1697464982135, 1697464982166, 1697464982198, 1697464982239, 1697464982270, 1697464982301, 1697464982333, 1697464982364, 1697464982396]"
74,74,294,74,[],200,llama-7b,1,1,97.0,1,2,T4,1697464982399,1697464982496,120,9,2,"[15, 82]","[1697464982414, 1697464982496]"
75,75,780,75,[],200,llama-7b,1,1,682.0,1,2,T4,1697464982499,1697464983181,120,85,20,"[16, 66, 31, 36, 31, 31, 32, 31, 31, 32, 31, 31, 32, 31, 31, 32, 31, 31, 32, 31, 32]","[1697464982515, 1697464982581, 1697464982612, 1697464982648, 1697464982679, 1697464982710, 1697464982742, 1697464982773, 1697464982804, 1697464982836, 1697464982867, 1697464982898, 1697464982930, 1697464982961, 1697464982992, 1697464983024, 1697464983055, 1697464983086, 1697464983118, 1697464983149, 1697464983181]"
76,76,368,76,[],200,llama-7b,1,1,687.0,1,2,T4,1697464983184,1697464983871,120,88,20,"[18, 69, 31, 32, 32, 31, 32, 32, 32, 32, 32, 31, 32, 31, 31, 31, 32, 31, 31, 32, 31]","[1697464983202, 1697464983271, 1697464983302, 1697464983334, 1697464983366, 1697464983397, 1697464983429, 1697464983461, 1697464983493, 1697464983525, 1697464983557, 1697464983588, 1697464983620, 1697464983651, 1697464983682, 1697464983713, 1697464983745, 1697464983776, 1697464983807, 1697464983839, 1697464983870]"
77,77,894,77,[],200,llama-7b,1,1,64.0,1,2,T4,1697464983875,1697464983939,120,14,1,"[19, 45]","[1697464983894, 1697464983939]"
78,78,452,78,[],200,llama-7b,1,1,219.0,1,2,T4,1697464983944,1697464984163,120,216,4,"[12, 103, 32, 39, 33]","[1697464983956, 1697464984059, 1697464984091, 1697464984130, 1697464984163]"
79,79,40,79,[],200,llama-7b,1,1,671.0,1,2,T4,1697464984167,1697464984838,120,86,20,"[6, 68, 31, 31, 31, 31, 32, 31, 32, 31, 31, 32, 31, 31, 31, 32, 31, 31, 32, 32, 33]","[1697464984173, 1697464984241, 1697464984272, 1697464984303, 1697464984334, 1697464984365, 1697464984397, 1697464984428, 1697464984460, 1697464984491, 1697464984522, 1697464984554, 1697464984585, 1697464984616, 1697464984647, 1697464984679, 1697464984710, 1697464984741, 1697464984773, 1697464984805, 1697464984838]"
80,80,559,80,[],200,llama-7b,1,1,698.0,1,2,T4,1697464984839,1697464985537,120,86,20,"[15, 69, 30, 31, 32, 31, 31, 32, 40, 34, 31, 31, 41, 31, 31, 31, 32, 31, 32, 31, 31]","[1697464984854, 1697464984923, 1697464984953, 1697464984984, 1697464985016, 1697464985047, 1697464985078, 1697464985110, 1697464985150, 1697464985184, 1697464985215, 1697464985246, 1697464985287, 1697464985318, 1697464985349, 1697464985380, 1697464985412, 1697464985443, 1697464985475, 1697464985506, 1697464985537]"
81,81,144,81,[],200,llama-7b,1,1,687.0,1,2,T4,1697464985541,1697464986228,120,96,20,"[13, 69, 31, 32, 31, 31, 32, 31, 32, 31, 31, 32, 31, 32, 31, 32, 31, 32, 39, 31, 31]","[1697464985554, 1697464985623, 1697464985654, 1697464985686, 1697464985717, 1697464985748, 1697464985780, 1697464985811, 1697464985843, 1697464985874, 1697464985905, 1697464985937, 1697464985968, 1697464986000, 1697464986031, 1697464986063, 1697464986094, 1697464986126, 1697464986165, 1697464986196, 1697464986227]"
82,82,637,82,[],200,llama-7b,1,1,682.0,1,2,T4,1697464986231,1697464986913,120,96,20,"[16, 67, 31, 31, 32, 31, 32, 32, 32, 32, 31, 32, 31, 32, 31, 32, 31, 31, 32, 31, 32]","[1697464986247, 1697464986314, 1697464986345, 1697464986376, 1697464986408, 1697464986439, 1697464986471, 1697464986503, 1697464986535, 1697464986567, 1697464986598, 1697464986630, 1697464986661, 1697464986693, 1697464986724, 1697464986756, 1697464986787, 1697464986818, 1697464986850, 1697464986881, 1697464986913]"
83,83,225,83,[],200,llama-7b,1,1,69.0,1,2,T4,1697464986917,1697464986986,120,23,1,"[17, 52]","[1697464986934, 1697464986986]"
84,84,744,84,[],200,llama-7b,1,1,264.0,1,2,T4,1697464986989,1697464987253,120,161,6,"[16, 86, 33, 32, 33, 32, 32]","[1697464987005, 1697464987091, 1697464987124, 1697464987156, 1697464987189, 1697464987221, 1697464987253]"
85,85,423,85,[],200,llama-7b,1,1,692.0,1,2,T4,1697464987257,1697464987949,120,84,20,"[14, 68, 31, 31, 37, 31, 31, 32, 31, 31, 37, 31, 31, 32, 31, 31, 32, 32, 32, 33, 33]","[1697464987271, 1697464987339, 1697464987370, 1697464987401, 1697464987438, 1697464987469, 1697464987500, 1697464987532, 1697464987563, 1697464987594, 1697464987631, 1697464987662, 1697464987693, 1697464987725, 1697464987756, 1697464987787, 1697464987819, 1697464987851, 1697464987883, 1697464987916, 1697464987949]"
86,86,9,86,[],200,llama-7b,1,1,688.0,1,2,T4,1697464987953,1697464988641,120,85,20,"[17, 61, 31, 31, 32, 31, 38, 31, 31, 31, 41, 31, 32, 31, 31, 31, 31, 31, 32, 31, 31]","[1697464987970, 1697464988031, 1697464988062, 1697464988093, 1697464988125, 1697464988156, 1697464988194, 1697464988225, 1697464988256, 1697464988287, 1697464988328, 1697464988359, 1697464988391, 1697464988422, 1697464988453, 1697464988484, 1697464988515, 1697464988546, 1697464988578, 1697464988609, 1697464988640]"
87,87,527,87,[],200,llama-7b,1,1,1940.0,1,2,T4,1697464988644,1697464990584,120,732,50,"[13, 329, 33, 33, 33, 32, 33, 33, 36, 33, 33, 32, 33, 33, 33, 33, 33, 33, 32, 34, 34, 33, 32, 33, 33, 33, 32, 33, 33, 34, 33, 33, 33, 33, 33, 33, 33, 34, 37, 32, 35, 32, 41, 33, 32, 33, 33, 33, 33, 33]","[1697464988657, 1697464988986, 1697464989019, 1697464989052, 1697464989085, 1697464989117, 1697464989150, 1697464989183, 1697464989219, 1697464989252, 1697464989285, 1697464989317, 1697464989350, 1697464989383, 1697464989416, 1697464989449, 1697464989482, 1697464989515, 1697464989547, 1697464989581, 1697464989615, 1697464989648, 1697464989680, 1697464989713, 1697464989746, 1697464989779, 1697464989811, 1697464989844, 1697464989877, 1697464989911, 1697464989944, 1697464989977, 1697464990010, 1697464990043, 1697464990076, 1697464990109, 1697464990142, 1697464990176, 1697464990213, 1697464990245, 1697464990280, 1697464990312, 1697464990353, 1697464990386, 1697464990418, 1697464990451, 1697464990484, 1697464990517, 1697464990550, 1697464990583]"
88,88,117,88,[],200,llama-7b,1,1,195.0,1,2,T4,1697464990587,1697464990782,120,364,2,"[19, 143, 33]","[1697464990606, 1697464990749, 1697464990782]"
89,89,601,89,[],200,llama-7b,1,1,683.0,1,2,T4,1697464990785,1697464991468,120,83,20,"[18, 60, 31, 31, 31, 32, 31, 31, 31, 32, 31, 32, 33, 31, 32, 31, 31, 40, 31, 31, 31]","[1697464990803, 1697464990863, 1697464990894, 1697464990925, 1697464990956, 1697464990988, 1697464991019, 1697464991050, 1697464991081, 1697464991113, 1697464991144, 1697464991176, 1697464991209, 1697464991240, 1697464991272, 1697464991303, 1697464991334, 1697464991374, 1697464991405, 1697464991436, 1697464991467]"
90,90,191,90,[],200,llama-7b,1,1,676.0,1,2,T4,1697464991471,1697464992147,120,85,20,"[17, 61, 31, 31, 32, 31, 32, 32, 32, 32, 31, 32, 31, 31, 32, 31, 32, 31, 31, 31, 32]","[1697464991488, 1697464991549, 1697464991580, 1697464991611, 1697464991643, 1697464991674, 1697464991706, 1697464991738, 1697464991770, 1697464991802, 1697464991833, 1697464991865, 1697464991896, 1697464991927, 1697464991959, 1697464991990, 1697464992022, 1697464992053, 1697464992084, 1697464992115, 1697464992147]"
91,91,711,91,[],200,llama-7b,1,1,306.0,1,2,T4,1697464992150,1697464992456,120,457,4,"[7, 201, 32, 33, 33]","[1697464992157, 1697464992358, 1697464992390, 1697464992423, 1697464992456]"
92,92,273,92,[],200,llama-7b,1,1,66.0,1,2,T4,1697464992462,1697464992528,120,19,1,"[14, 52]","[1697464992476, 1697464992528]"
93,93,793,93,[],200,llama-7b,1,1,1049.0,1,2,T4,1697464992531,1697464993580,120,92,31,"[16, 100, 32, 31, 31, 31, 31, 31, 32, 31, 31, 31, 32, 31, 31, 32, 31, 31, 32, 31, 37, 30, 31, 32, 31, 32, 35, 40, 36, 33, 33]","[1697464992547, 1697464992647, 1697464992679, 1697464992710, 1697464992741, 1697464992772, 1697464992803, 1697464992834, 1697464992866, 1697464992897, 1697464992928, 1697464992959, 1697464992991, 1697464993022, 1697464993053, 1697464993085, 1697464993116, 1697464993147, 1697464993179, 1697464993210, 1697464993247, 1697464993277, 1697464993308, 1697464993340, 1697464993371, 1697464993403, 1697464993438, 1697464993478, 1697464993514, 1697464993547, 1697464993580]"
94,94,383,94,[],200,llama-7b,1,1,68.0,1,2,T4,1697464993584,1697464993652,120,15,1,"[15, 53]","[1697464993599, 1697464993652]"
95,95,897,95,[],200,llama-7b,1,1,59.0,1,2,T4,1697464993656,1697464993715,120,9,1,"[15, 44]","[1697464993671, 1697464993715]"
96,96,458,96,[],200,llama-7b,1,1,58.0,1,2,T4,1697464993720,1697464993778,120,11,1,"[7, 51]","[1697464993727, 1697464993778]"
97,97,48,97,[],200,llama-7b,1,1,208.0,1,2,T4,1697464993781,1697464993989,120,6,6,"[7, 77, 30, 32, 30, 32]","[1697464993788, 1697464993865, 1697464993895, 1697464993927, 1697464993957, 1697464993989]"
98,98,561,98,[],200,llama-7b,1,1,688.0,1,2,T4,1697464993992,1697464994680,120,87,20,"[15, 63, 31, 32, 31, 32, 31, 38, 31, 31, 31, 36, 31, 31, 31, 32, 31, 32, 32, 33, 33]","[1697464994007, 1697464994070, 1697464994101, 1697464994133, 1697464994164, 1697464994196, 1697464994227, 1697464994265, 1697464994296, 1697464994327, 1697464994358, 1697464994394, 1697464994425, 1697464994456, 1697464994487, 1697464994519, 1697464994550, 1697464994582, 1697464994614, 1697464994647, 1697464994680]"
99,99,245,99,[],200,llama-7b,1,1,688.0,1,2,T4,1697464994684,1697464995372,120,100,20,"[15, 68, 32, 31, 32, 31, 32, 31, 31, 31, 32, 31, 31, 31, 32, 31, 31, 41, 31, 31, 32]","[1697464994699, 1697464994767, 1697464994799, 1697464994830, 1697464994862, 1697464994893, 1697464994925, 1697464994956, 1697464994987, 1697464995018, 1697464995050, 1697464995081, 1697464995112, 1697464995143, 1697464995175, 1697464995206, 1697464995237, 1697464995278, 1697464995309, 1697464995340, 1697464995372]"
100,100,759,100,[],200,llama-7b,1,1,680.0,1,2,T4,1697464995375,1697464996055,120,92,20,"[19, 60, 31, 31, 31, 32, 32, 32, 33, 32, 32, 32, 32, 31, 32, 31, 31, 32, 31, 31, 32]","[1697464995394, 1697464995454, 1697464995485, 1697464995516, 1697464995547, 1697464995579, 1697464995611, 1697464995643, 1697464995676, 1697464995708, 1697464995740, 1697464995772, 1697464995804, 1697464995835, 1697464995867, 1697464995898, 1697464995929, 1697464995961, 1697464995992, 1697464996023, 1697464996055]"
101,101,349,101,[],200,llama-7b,1,1,692.0,1,2,T4,1697464996059,1697464996751,120,88,20,"[7, 69, 31, 31, 32, 31, 43, 31, 31, 31, 40, 31, 32, 31, 31, 32, 31, 32, 32, 31, 32]","[1697464996066, 1697464996135, 1697464996166, 1697464996197, 1697464996229, 1697464996260, 1697464996303, 1697464996334, 1697464996365, 1697464996396, 1697464996436, 1697464996467, 1697464996499, 1697464996530, 1697464996561, 1697464996593, 1697464996624, 1697464996656, 1697464996688, 1697464996719, 1697464996751]"
102,102,870,102,[],200,llama-7b,1,1,696.0,1,2,T4,1697464996753,1697464997449,120,88,20,"[17, 66, 31, 31, 31, 32, 31, 32, 31, 32, 31, 32, 31, 32, 31, 32, 39, 31, 31, 32, 40]","[1697464996770, 1697464996836, 1697464996867, 1697464996898, 1697464996929, 1697464996961, 1697464996992, 1697464997024, 1697464997055, 1697464997087, 1697464997118, 1697464997150, 1697464997181, 1697464997213, 1697464997244, 1697464997276, 1697464997315, 1697464997346, 1697464997377, 1697464997409, 1697464997449]"
103,103,423,103,[],200,llama-7b,1,1,677.0,1,2,T4,1697464997452,1697464998129,120,84,20,"[18, 60, 31, 31, 32, 32, 32, 32, 31, 32, 31, 32, 31, 32, 31, 31, 32, 31, 31, 32, 32]","[1697464997470, 1697464997530, 1697464997561, 1697464997592, 1697464997624, 1697464997656, 1697464997688, 1697464997720, 1697464997751, 1697464997783, 1697464997814, 1697464997846, 1697464997877, 1697464997909, 1697464997940, 1697464997971, 1697464998003, 1697464998034, 1697464998065, 1697464998097, 1697464998129]"
104,104,12,104,[],200,llama-7b,1,1,62.0,1,2,T4,1697464998133,1697464998195,120,11,1,"[17, 45]","[1697464998150, 1697464998195]"
105,105,534,105,[],200,llama-7b,1,1,685.0,1,2,T4,1697464998196,1697464998881,120,96,20,"[7, 64, 31, 40, 31, 32, 32, 40, 31, 31, 31, 31, 31, 32, 32, 31, 31, 32, 31, 32, 31]","[1697464998203, 1697464998267, 1697464998298, 1697464998338, 1697464998369, 1697464998401, 1697464998433, 1697464998473, 1697464998504, 1697464998535, 1697464998566, 1697464998597, 1697464998628, 1697464998660, 1697464998692, 1697464998723, 1697464998754, 1697464998786, 1697464998817, 1697464998849, 1697464998880]"
106,106,119,106,[],200,llama-7b,1,1,70.0,1,2,T4,1697464998885,1697464998955,120,31,1,"[17, 53]","[1697464998902, 1697464998955]"
107,107,616,107,[],200,llama-7b,1,1,12573.0,1,2,T4,1697464998957,1697465011530,120,244,381,"[17, 115, 33, 32, 32, 31, 32, 31, 32, 41, 31, 32, 32, 39, 32, 31, 32, 32, 32, 31, 33, 31, 32, 32, 32, 34, 33, 33, 33, 32, 32, 32, 32, 32, 32, 31, 32, 32, 32, 32, 40, 32, 32, 32, 42, 31, 32, 31, 32, 32, 32, 31, 32, 32, 32, 32, 32, 32, 32, 32, 32, 32, 32, 32, 32, 32, 32, 32, 32, 32, 33, 38, 32, 31, 32, 36, 32, 31, 32, 32, 31, 32, 32, 32, 32, 32, 32, 32, 32, 32, 32, 32, 32, 32, 32, 32, 32, 32, 33, 32, 32, 32, 32, 32, 32, 32, 33, 40, 31, 32, 32, 32, 32, 32, 32, 32, 32, 32, 32, 32, 32, 32, 32, 32, 32, 32, 32, 32, 32, 32, 32, 32, 32, 32, 40, 32, 32, 32, 41, 31, 32, 32, 32, 32, 32, 32, 32, 32, 33, 32, 32, 32, 32, 32, 33, 32, 32, 32, 32, 32, 32, 33, 32, 33, 32, 40, 32, 32, 32, 43, 31, 32, 32, 32, 32, 33, 32, 32, 32, 32, 32, 33, 32, 32, 32, 33, 32, 32, 33, 32, 32, 33, 32, 33, 33, 32, 41, 32, 32, 32, 40, 32, 32, 32, 32, 32, 32, 32, 32, 32, 33, 32, 32, 33, 32, 32, 32, 33, 32, 32, 33, 32, 32, 33, 33, 32, 33, 39, 33, 32, 33, 38, 32, 33, 32, 32, 32, 32, 33, 32, 32, 32, 33, 32, 32, 33, 32, 32, 33, 32, 32, 33, 32, 33, 32, 33, 33, 32, 39, 32, 33, 32, 41, 32, 32, 33, 32, 32, 33, 33, 32, 33, 32, 33, 32, 33, 33, 32, 32, 33, 32, 33, 33, 32, 33, 33, 33, 33, 33, 40, 33, 32, 33, 45, 33, 32, 32, 33, 32, 33, 32, 33, 32, 33, 33, 32, 33, 32, 33, 33, 32, 33, 32, 33, 33, 33, 33, 32, 33, 33, 33, 33, 33, 33, 40, 32, 33, 33, 32, 33, 32, 33, 33, 32, 33, 33, 32, 33, 33, 32, 33, 32, 33, 33, 33, 32, 33, 33, 32, 33, 44, 32, 33, 32, 33, 33, 33, 32, 33, 33, 32, 33, 33, 32, 33, 32, 33, 33, 33, 32, 33, 33, 32, 33, 32, 34, 32, 33, 33, 33, 32, 41]","[1697464998974, 1697464999089, 1697464999122, 1697464999154, 1697464999186, 1697464999217, 1697464999249, 1697464999280, 1697464999312, 1697464999353, 1697464999384, 1697464999416, 1697464999448, 1697464999487, 1697464999519, 1697464999550, 1697464999582, 1697464999614, 1697464999646, 1697464999677, 1697464999710, 1697464999741, 1697464999773, 1697464999805, 1697464999837, 1697464999871, 1697464999904, 1697464999937, 1697464999970, 1697465000002, 1697465000034, 1697465000066, 1697465000098, 1697465000130, 1697465000162, 1697465000193, 1697465000225, 1697465000257, 1697465000289, 1697465000321, 1697465000361, 1697465000393, 1697465000425, 1697465000457, 1697465000499, 1697465000530, 1697465000562, 1697465000593, 1697465000625, 1697465000657, 1697465000689, 1697465000720, 1697465000752, 1697465000784, 1697465000816, 1697465000848, 1697465000880, 1697465000912, 1697465000944, 1697465000976, 1697465001008, 1697465001040, 1697465001072, 1697465001104, 1697465001136, 1697465001168, 1697465001200, 1697465001232, 1697465001264, 1697465001296, 1697465001329, 1697465001367, 1697465001399, 1697465001430, 1697465001462, 1697465001498, 1697465001530, 1697465001561, 1697465001593, 1697465001625, 1697465001656, 1697465001688, 1697465001720, 1697465001752, 1697465001784, 1697465001816, 1697465001848, 1697465001880, 1697465001912, 1697465001944, 1697465001976, 1697465002008, 1697465002040, 1697465002072, 1697465002104, 1697465002136, 1697465002168, 1697465002200, 1697465002233, 1697465002265, 1697465002297, 1697465002329, 1697465002361, 1697465002393, 1697465002425, 1697465002457, 1697465002490, 1697465002530, 1697465002561, 1697465002593, 1697465002625, 1697465002657, 1697465002689, 1697465002721, 1697465002753, 1697465002785, 1697465002817, 1697465002849, 1697465002881, 1697465002913, 1697465002945, 1697465002977, 1697465003009, 1697465003041, 1697465003073, 1697465003105, 1697465003137, 1697465003169, 1697465003201, 1697465003233, 1697465003265, 1697465003297, 1697465003329, 1697465003361, 1697465003401, 1697465003433, 1697465003465, 1697465003497, 1697465003538, 1697465003569, 1697465003601, 1697465003633, 1697465003665, 1697465003697, 1697465003729, 1697465003761, 1697465003793, 1697465003825, 1697465003858, 1697465003890, 1697465003922, 1697465003954, 1697465003986, 1697465004018, 1697465004051, 1697465004083, 1697465004115, 1697465004147, 1697465004179, 1697465004211, 1697465004243, 1697465004276, 1697465004308, 1697465004341, 1697465004373, 1697465004413, 1697465004445, 1697465004477, 1697465004509, 1697465004552, 1697465004583, 1697465004615, 1697465004647, 1697465004679, 1697465004711, 1697465004744, 1697465004776, 1697465004808, 1697465004840, 1697465004872, 1697465004904, 1697465004937, 1697465004969, 1697465005001, 1697465005033, 1697465005066, 1697465005098, 1697465005130, 1697465005163, 1697465005195, 1697465005227, 1697465005260, 1697465005292, 1697465005325, 1697465005358, 1697465005390, 1697465005431, 1697465005463, 1697465005495, 1697465005527, 1697465005567, 1697465005599, 1697465005631, 1697465005663, 1697465005695, 1697465005727, 1697465005759, 1697465005791, 1697465005823, 1697465005855, 1697465005888, 1697465005920, 1697465005952, 1697465005985, 1697465006017, 1697465006049, 1697465006081, 1697465006114, 1697465006146, 1697465006178, 1697465006211, 1697465006243, 1697465006275, 1697465006308, 1697465006341, 1697465006373, 1697465006406, 1697465006445, 1697465006478, 1697465006510, 1697465006543, 1697465006581, 1697465006613, 1697465006646, 1697465006678, 1697465006710, 1697465006742, 1697465006774, 1697465006807, 1697465006839, 1697465006871, 1697465006903, 1697465006936, 1697465006968, 1697465007000, 1697465007033, 1697465007065, 1697465007097, 1697465007130, 1697465007162, 1697465007194, 1697465007227, 1697465007259, 1697465007292, 1697465007324, 1697465007357, 1697465007390, 1697465007422, 1697465007461, 1697465007493, 1697465007526, 1697465007558, 1697465007599, 1697465007631, 1697465007663, 1697465007696, 1697465007728, 1697465007760, 1697465007793, 1697465007826, 1697465007858, 1697465007891, 1697465007923, 1697465007956, 1697465007988, 1697465008021, 1697465008054, 1697465008086, 1697465008118, 1697465008151, 1697465008183, 1697465008216, 1697465008249, 1697465008281, 1697465008314, 1697465008347, 1697465008380, 1697465008413, 1697465008446, 1697465008486, 1697465008519, 1697465008551, 1697465008584, 1697465008629, 1697465008662, 1697465008694, 1697465008726, 1697465008759, 1697465008791, 1697465008824, 1697465008856, 1697465008889, 1697465008921, 1697465008954, 1697465008987, 1697465009019, 1697465009052, 1697465009084, 1697465009117, 1697465009150, 1697465009182, 1697465009215, 1697465009247, 1697465009280, 1697465009313, 1697465009346, 1697465009379, 1697465009411, 1697465009444, 1697465009477, 1697465009510, 1697465009543, 1697465009576, 1697465009609, 1697465009649, 1697465009681, 1697465009714, 1697465009747, 1697465009779, 1697465009812, 1697465009844, 1697465009877, 1697465009910, 1697465009942, 1697465009975, 1697465010008, 1697465010040, 1697465010073, 1697465010106, 1697465010138, 1697465010171, 1697465010203, 1697465010236, 1697465010269, 1697465010302, 1697465010334, 1697465010367, 1697465010400, 1697465010432, 1697465010465, 1697465010509, 1697465010541, 1697465010574, 1697465010606, 1697465010639, 1697465010672, 1697465010705, 1697465010737, 1697465010770, 1697465010803, 1697465010835, 1697465010868, 1697465010901, 1697465010933, 1697465010966, 1697465010998, 1697465011031, 1697465011064, 1697465011097, 1697465011129, 1697465011162, 1697465011195, 1697465011227, 1697465011260, 1697465011292, 1697465011326, 1697465011358, 1697465011391, 1697465011424, 1697465011457, 1697465011489, 1697465011530]"
108,108,204,108,[],200,llama-7b,1,1,239.0,1,2,T4,1697465011533,1697465011772,120,67,6,"[18, 58, 31, 39, 31, 31, 31]","[1697465011551, 1697465011609, 1697465011640, 1697465011679, 1697465011710, 1697465011741, 1697465011772]"
109,109,719,109,[],200,llama-7b,1,1,265.0,1,2,T4,1697465011775,1697465012040,120,182,6,"[16, 124, 31, 32, 31, 31]","[1697465011791, 1697465011915, 1697465011946, 1697465011978, 1697465012009, 1697465012040]"
110,110,282,110,[],200,llama-7b,1,1,683.0,1,2,T4,1697465012042,1697465012725,120,87,20,"[6, 65, 32, 31, 32, 31, 31, 31, 32, 31, 32, 31, 33, 33, 34, 32, 32, 31, 32, 39, 31]","[1697465012048, 1697465012113, 1697465012145, 1697465012176, 1697465012208, 1697465012239, 1697465012270, 1697465012301, 1697465012333, 1697465012364, 1697465012396, 1697465012427, 1697465012460, 1697465012493, 1697465012527, 1697465012559, 1697465012591, 1697465012622, 1697465012654, 1697465012693, 1697465012724]"
111,111,794,111,[],200,llama-7b,1,1,68.0,1,2,T4,1697465012728,1697465012796,120,11,1,"[15, 53]","[1697465012743, 1697465012796]"
112,112,382,112,[],200,llama-7b,1,1,671.0,1,2,T4,1697465012797,1697465013468,120,47,20,"[14, 61, 31, 31, 32, 31, 31, 31, 32, 31, 32, 33, 31, 31, 32, 31, 31, 31, 31, 31, 32]","[1697465012811, 1697465012872, 1697465012903, 1697465012934, 1697465012966, 1697465012997, 1697465013028, 1697465013059, 1697465013091, 1697465013122, 1697465013154, 1697465013187, 1697465013218, 1697465013249, 1697465013281, 1697465013312, 1697465013343, 1697465013374, 1697465013405, 1697465013436, 1697465013468]"
113,113,905,113,[],200,llama-7b,1,1,65.0,1,2,T4,1697465013469,1697465013534,120,11,1,"[14, 51]","[1697465013483, 1697465013534]"
114,114,577,114,[],200,llama-7b,1,1,367.0,1,2,T4,1697465013535,1697465013902,120,93,9,"[16, 68, 32, 33, 38, 43, 38, 34, 33, 32]","[1697465013551, 1697465013619, 1697465013651, 1697465013684, 1697465013722, 1697465013765, 1697465013803, 1697465013837, 1697465013870, 1697465013902]"
115,115,170,115,[],200,llama-7b,1,1,611.0,1,2,T4,1697465013903,1697465014514,120,335,15,"[13, 151, 32, 32, 31, 32, 32, 31, 32, 32, 31, 32, 32, 32, 33, 33]","[1697465013916, 1697465014067, 1697465014099, 1697465014131, 1697465014162, 1697465014194, 1697465014226, 1697465014257, 1697465014289, 1697465014321, 1697465014352, 1697465014384, 1697465014416, 1697465014448, 1697465014481, 1697465014514]"
116,116,692,116,[],200,llama-7b,1,1,674.0,1,2,T4,1697465014518,1697465015192,120,88,20,"[16, 60, 31, 31, 32, 31, 31, 32, 31, 32, 32, 31, 32, 31, 32, 31, 32, 31, 32, 31, 32]","[1697465014534, 1697465014594, 1697465014625, 1697465014656, 1697465014688, 1697465014719, 1697465014750, 1697465014782, 1697465014813, 1697465014845, 1697465014877, 1697465014908, 1697465014940, 1697465014971, 1697465015003, 1697465015034, 1697465015066, 1697465015097, 1697465015129, 1697465015160, 1697465015192]"
117,117,248,117,[],200,llama-7b,1,1,629.0,1,2,T4,1697465015195,1697465015824,120,182,17,"[16, 88, 31, 32, 31, 32, 32, 32, 32, 43, 31, 31, 31, 32, 41, 31, 31, 31]","[1697465015211, 1697465015299, 1697465015330, 1697465015362, 1697465015393, 1697465015425, 1697465015457, 1697465015489, 1697465015521, 1697465015564, 1697465015595, 1697465015626, 1697465015657, 1697465015689, 1697465015730, 1697465015761, 1697465015792, 1697465015823]"
118,118,767,118,[],200,llama-7b,1,1,58.0,1,2,T4,1697465015828,1697465015886,120,11,1,"[7, 51]","[1697465015835, 1697465015886]"
119,119,355,119,[],200,llama-7b,1,1,682.0,1,2,T4,1697465015889,1697465016571,120,90,20,"[17, 60, 31, 31, 31, 32, 31, 32, 32, 31, 31, 31, 32, 31, 32, 31, 32, 31, 32, 31, 39]","[1697465015906, 1697465015966, 1697465015997, 1697465016028, 1697465016059, 1697465016091, 1697465016122, 1697465016154, 1697465016186, 1697465016217, 1697465016248, 1697465016279, 1697465016311, 1697465016342, 1697465016374, 1697465016405, 1697465016437, 1697465016468, 1697465016500, 1697465016531, 1697465016570]"
120,120,870,120,[],200,llama-7b,1,1,683.0,1,2,T4,1697465016573,1697465017256,120,88,20,"[17, 60, 31, 31, 40, 31, 32, 32, 32, 32, 31, 32, 31, 31, 31, 32, 31, 31, 31, 32, 31]","[1697465016590, 1697465016650, 1697465016681, 1697465016712, 1697465016752, 1697465016783, 1697465016815, 1697465016847, 1697465016879, 1697465016911, 1697465016942, 1697465016974, 1697465017005, 1697465017036, 1697465017067, 1697465017099, 1697465017130, 1697465017161, 1697465017192, 1697465017224, 1697465017255]"
121,121,433,121,[],200,llama-7b,1,1,110.0,1,2,T4,1697465017258,1697465017368,120,109,2,"[16, 94]","[1697465017274, 1697465017368]"
122,122,27,122,[],200,llama-7b,1,1,1618.0,1,2,T4,1697465017372,1697465018990,120,15,50,"[15, 45, 30, 31, 31, 31, 40, 31, 30, 32, 31, 36, 31, 31, 31, 32, 31, 31, 31, 32, 31, 31, 31, 31, 31, 32, 32, 32, 32, 32, 32, 32, 31, 32, 31, 31, 31, 32, 37, 31, 31, 31, 31, 39, 31, 31, 31, 31, 31, 32, 31]","[1697465017387, 1697465017432, 1697465017462, 1697465017493, 1697465017524, 1697465017555, 1697465017595, 1697465017626, 1697465017656, 1697465017688, 1697465017719, 1697465017755, 1697465017786, 1697465017817, 1697465017848, 1697465017880, 1697465017911, 1697465017942, 1697465017973, 1697465018005, 1697465018036, 1697465018067, 1697465018098, 1697465018129, 1697465018160, 1697465018192, 1697465018224, 1697465018256, 1697465018288, 1697465018320, 1697465018352, 1697465018384, 1697465018415, 1697465018447, 1697465018478, 1697465018509, 1697465018540, 1697465018572, 1697465018609, 1697465018640, 1697465018671, 1697465018702, 1697465018733, 1697465018772, 1697465018803, 1697465018834, 1697465018865, 1697465018896, 1697465018927, 1697465018959, 1697465018990]"
123,123,541,123,[],200,llama-7b,1,1,688.0,1,2,T4,1697465018991,1697465019679,120,90,20,"[16, 69, 31, 31, 32, 31, 32, 32, 31, 32, 31, 31, 32, 31, 32, 31, 32, 31, 37, 31, 31]","[1697465019007, 1697465019076, 1697465019107, 1697465019138, 1697465019170, 1697465019201, 1697465019233, 1697465019265, 1697465019296, 1697465019328, 1697465019359, 1697465019390, 1697465019422, 1697465019453, 1697465019485, 1697465019516, 1697465019548, 1697465019579, 1697465019616, 1697465019647, 1697465019678]"
124,124,105,124,[],200,llama-7b,1,1,1308.0,1,2,T4,1697465019682,1697465020990,120,364,36,"[15, 156, 32, 33, 32, 32, 32, 33, 31, 32, 32, 32, 31, 32, 32, 32, 32, 31, 32, 32, 32, 32, 32, 32, 33, 39, 32, 32, 32, 32, 42, 32, 32, 32, 31, 32, 32]","[1697465019697, 1697465019853, 1697465019885, 1697465019918, 1697465019950, 1697465019982, 1697465020014, 1697465020047, 1697465020078, 1697465020110, 1697465020142, 1697465020174, 1697465020205, 1697465020237, 1697465020269, 1697465020301, 1697465020333, 1697465020364, 1697465020396, 1697465020428, 1697465020460, 1697465020492, 1697465020524, 1697465020556, 1697465020589, 1697465020628, 1697465020660, 1697465020692, 1697465020724, 1697465020756, 1697465020798, 1697465020830, 1697465020862, 1697465020894, 1697465020925, 1697465020957, 1697465020989]"
125,125,618,125,[],200,llama-7b,1,1,61.0,1,2,T4,1697465020994,1697465021055,120,9,1,"[16, 44]","[1697465021010, 1697465021054]"
126,126,204,126,[],200,llama-7b,1,1,229.0,1,2,T4,1697465021058,1697465021287,120,67,6,"[16, 57, 31, 31, 31, 31, 32]","[1697465021074, 1697465021131, 1697465021162, 1697465021193, 1697465021224, 1697465021255, 1697465021287]"
127,127,725,127,[],200,llama-7b,1,1,682.0,1,2,T4,1697465021290,1697465021972,120,90,20,"[16, 60, 31, 32, 31, 31, 32, 31, 31, 31, 32, 31, 32, 31, 31, 38, 32, 31, 31, 32, 35]","[1697465021306, 1697465021366, 1697465021397, 1697465021429, 1697465021460, 1697465021491, 1697465021523, 1697465021554, 1697465021585, 1697465021616, 1697465021648, 1697465021679, 1697465021711, 1697465021742, 1697465021773, 1697465021811, 1697465021843, 1697465021874, 1697465021905, 1697465021937, 1697465021972]"
128,128,398,128,[],200,llama-7b,1,1,681.0,1,2,T4,1697465021975,1697465022656,120,87,20,"[18, 62, 31, 31, 32, 31, 31, 32, 31, 31, 32, 31, 31, 31, 31, 32, 31, 31, 32, 31, 38]","[1697465021993, 1697465022055, 1697465022086, 1697465022117, 1697465022149, 1697465022180, 1697465022211, 1697465022243, 1697465022274, 1697465022305, 1697465022337, 1697465022368, 1697465022399, 1697465022430, 1697465022461, 1697465022493, 1697465022524, 1697465022555, 1697465022587, 1697465022618, 1697465022656]"
129,129,919,129,[],200,llama-7b,1,1,70.0,1,2,T4,1697465022658,1697465022728,120,14,1,"[16, 53]","[1697465022674, 1697465022727]"
130,130,513,130,[],200,llama-7b,1,1,671.0,1,2,T4,1697465022731,1697465023402,120,83,20,"[16, 59, 31, 31, 32, 31, 32, 31, 32, 31, 31, 32, 31, 31, 32, 31, 31, 31, 31, 32, 31]","[1697465022747, 1697465022806, 1697465022837, 1697465022868, 1697465022900, 1697465022931, 1697465022963, 1697465022994, 1697465023026, 1697465023057, 1697465023088, 1697465023120, 1697465023151, 1697465023182, 1697465023214, 1697465023245, 1697465023276, 1697465023307, 1697465023338, 1697465023370, 1697465023401]"
131,131,69,131,[],200,llama-7b,1,1,687.0,1,2,T4,1697465023405,1697465024092,120,85,20,"[17, 61, 31, 31, 31, 32, 32, 41, 31, 36, 31, 31, 31, 32, 31, 31, 32, 31, 31, 32, 31]","[1697465023422, 1697465023483, 1697465023514, 1697465023545, 1697465023576, 1697465023608, 1697465023640, 1697465023681, 1697465023712, 1697465023748, 1697465023779, 1697465023810, 1697465023841, 1697465023873, 1697465023904, 1697465023935, 1697465023967, 1697465023998, 1697465024029, 1697465024061, 1697465024092]"
132,132,592,132,[],200,llama-7b,1,1,1612.0,1,2,T4,1697465024097,1697465025709,120,15,50,"[14, 53, 31, 30, 31, 31, 31, 32, 31, 31, 31, 31, 31, 31, 32, 31, 32, 31, 39, 31, 31, 32, 31, 31, 31, 31, 31, 32, 31, 32, 33, 31, 32, 31, 32, 31, 31, 31, 31, 31, 31, 31, 31, 31, 32, 31, 31, 31, 32, 31, 38]","[1697465024111, 1697465024164, 1697465024195, 1697465024225, 1697465024256, 1697465024287, 1697465024318, 1697465024350, 1697465024381, 1697465024412, 1697465024443, 1697465024474, 1697465024505, 1697465024536, 1697465024568, 1697465024599, 1697465024631, 1697465024662, 1697465024701, 1697465024732, 1697465024763, 1697465024795, 1697465024826, 1697465024857, 1697465024888, 1697465024919, 1697465024950, 1697465024982, 1697465025013, 1697465025045, 1697465025078, 1697465025109, 1697465025141, 1697465025172, 1697465025204, 1697465025235, 1697465025266, 1697465025297, 1697465025328, 1697465025359, 1697465025390, 1697465025421, 1697465025452, 1697465025483, 1697465025515, 1697465025546, 1697465025577, 1697465025608, 1697465025640, 1697465025671, 1697465025709]"
133,133,180,133,[],200,llama-7b,1,1,439.0,1,2,T4,1697465025712,1697465026151,120,123,12,"[15, 69, 31, 43, 30, 31, 31, 32, 31, 31, 31, 32, 32]","[1697465025727, 1697465025796, 1697465025827, 1697465025870, 1697465025900, 1697465025931, 1697465025962, 1697465025994, 1697465026025, 1697465026056, 1697465026087, 1697465026119, 1697465026151]"
134,134,691,134,[],200,llama-7b,1,1,74.0,1,2,T4,1697465026155,1697465026229,120,47,1,"[19, 55]","[1697465026174, 1697465026229]"
135,135,255,135,[],200,llama-7b,1,1,3909.0,1,2,T4,1697465026230,1697465030139,120,216,119,"[7, 103, 32, 31, 32, 31, 32, 31, 31, 32, 31, 33, 32, 39, 31, 32, 31, 31, 40, 31, 31, 32, 31, 32, 32, 32, 32, 32, 31, 32, 32, 31, 31, 32, 31, 32, 31, 31, 32, 31, 32, 31, 32, 32, 32, 40, 31, 32, 32, 32, 42, 31, 31, 32, 31, 32, 32, 32, 32, 31, 32, 32, 31, 32, 32, 32, 31, 32, 31, 32, 32, 31, 32, 32, 32, 31, 32, 32, 32, 33, 31, 32, 40, 33, 31, 32, 32, 32, 32, 31, 32, 32, 32, 32, 31, 32, 32, 31, 32, 32, 32, 32, 31, 32, 32, 32, 32, 32, 38, 32, 31, 32, 34, 35, 32, 31, 32, 31, 32, 37]","[1697465026237, 1697465026340, 1697465026372, 1697465026403, 1697465026435, 1697465026466, 1697465026498, 1697465026529, 1697465026560, 1697465026592, 1697465026623, 1697465026656, 1697465026688, 1697465026727, 1697465026758, 1697465026790, 1697465026821, 1697465026852, 1697465026892, 1697465026923, 1697465026954, 1697465026986, 1697465027017, 1697465027049, 1697465027081, 1697465027113, 1697465027145, 1697465027177, 1697465027208, 1697465027240, 1697465027272, 1697465027303, 1697465027334, 1697465027366, 1697465027397, 1697465027429, 1697465027460, 1697465027491, 1697465027523, 1697465027554, 1697465027586, 1697465027617, 1697465027649, 1697465027681, 1697465027713, 1697465027753, 1697465027784, 1697465027816, 1697465027848, 1697465027880, 1697465027922, 1697465027953, 1697465027984, 1697465028016, 1697465028047, 1697465028079, 1697465028111, 1697465028143, 1697465028175, 1697465028206, 1697465028238, 1697465028270, 1697465028301, 1697465028333, 1697465028365, 1697465028397, 1697465028428, 1697465028460, 1697465028491, 1697465028523, 1697465028555, 1697465028586, 1697465028618, 1697465028650, 1697465028682, 1697465028713, 1697465028745, 1697465028777, 1697465028809, 1697465028842, 1697465028873, 1697465028905, 1697465028945, 1697465028978, 1697465029009, 1697465029041, 1697465029073, 1697465029105, 1697465029137, 1697465029168, 1697465029200, 1697465029232, 1697465029264, 1697465029296, 1697465029327, 1697465029359, 1697465029391, 1697465029422, 1697465029454, 1697465029486, 1697465029518, 1697465029550, 1697465029581, 1697465029613, 1697465029645, 1697465029677, 1697465029709, 1697465029741, 1697465029779, 1697465029811, 1697465029842, 1697465029874, 1697465029908, 1697465029943, 1697465029975, 1697465030006, 1697465030038, 1697465030069, 1697465030101, 1697465030138]"
136,136,769,136,[],200,llama-7b,1,1,682.0,1,2,T4,1697465030142,1697465030824,120,47,20,"[17, 66, 30, 31, 32, 31, 31, 31, 31, 32, 31, 31, 31, 32, 31, 31, 31, 31, 32, 38, 31]","[1697465030159, 1697465030225, 1697465030255, 1697465030286, 1697465030318, 1697465030349, 1697465030380, 1697465030411, 1697465030442, 1697465030474, 1697465030505, 1697465030536, 1697465030567, 1697465030599, 1697465030630, 1697465030661, 1697465030692, 1697465030723, 1697465030755, 1697465030793, 1697465030824]"
137,137,363,137,[],200,llama-7b,1,1,836.0,1,2,T4,1697465030827,1697465031663,120,286,22,"[16, 150, 32, 33, 33, 33, 33, 33, 32, 32, 31, 32, 31, 32, 31, 31, 32, 31, 32, 31, 32, 31, 32]","[1697465030843, 1697465030993, 1697465031025, 1697465031058, 1697465031091, 1697465031124, 1697465031157, 1697465031190, 1697465031222, 1697465031254, 1697465031285, 1697465031317, 1697465031348, 1697465031380, 1697465031411, 1697465031442, 1697465031474, 1697465031505, 1697465031537, 1697465031568, 1697465031600, 1697465031631, 1697465031663]"
138,138,855,138,[],200,llama-7b,1,1,689.0,1,2,T4,1697465031666,1697465032355,120,83,20,"[17, 60, 31, 41, 31, 31, 31, 31, 40, 31, 31, 32, 31, 32, 31, 32, 31, 31, 31, 32, 31]","[1697465031683, 1697465031743, 1697465031774, 1697465031815, 1697465031846, 1697465031877, 1697465031908, 1697465031939, 1697465031979, 1697465032010, 1697465032041, 1697465032073, 1697465032104, 1697465032136, 1697465032167, 1697465032199, 1697465032230, 1697465032261, 1697465032292, 1697465032324, 1697465032355]"
139,139,441,139,[],200,llama-7b,1,1,63.0,1,2,T4,1697465032359,1697465032422,120,6,1,"[19, 43]","[1697465032378, 1697465032421]"
140,140,29,140,[],200,llama-7b,1,1,259.0,1,2,T4,1697465032424,1697465032683,120,161,6,"[14, 87, 32, 31, 32, 31, 32]","[1697465032438, 1697465032525, 1697465032557, 1697465032588, 1697465032620, 1697465032651, 1697465032683]"
141,141,548,141,[],200,llama-7b,1,1,687.0,1,2,T4,1697465032686,1697465033373,120,86,20,"[16, 60, 31, 37, 31, 31, 31, 32, 41, 31, 31, 31, 31, 31, 31, 32, 31, 31, 32, 32, 33]","[1697465032702, 1697465032762, 1697465032793, 1697465032830, 1697465032861, 1697465032892, 1697465032923, 1697465032955, 1697465032996, 1697465033027, 1697465033058, 1697465033089, 1697465033120, 1697465033151, 1697465033182, 1697465033214, 1697465033245, 1697465033276, 1697465033308, 1697465033340, 1697465033373]"
142,142,219,142,[],200,llama-7b,1,1,690.0,1,2,T4,1697465033376,1697465034066,120,90,20,"[15, 64, 31, 31, 31, 31, 32, 31, 32, 31, 31, 31, 32, 39, 31, 31, 31, 31, 41, 31, 32]","[1697465033391, 1697465033455, 1697465033486, 1697465033517, 1697465033548, 1697465033579, 1697465033611, 1697465033642, 1697465033674, 1697465033705, 1697465033736, 1697465033767, 1697465033799, 1697465033838, 1697465033869, 1697465033900, 1697465033931, 1697465033962, 1697465034003, 1697465034034, 1697465034066]"
143,143,742,143,[],200,llama-7b,1,1,673.0,1,2,T4,1697465034069,1697465034742,120,89,20,"[7, 66, 31, 31, 31, 32, 32, 32, 33, 32, 31, 32, 31, 32, 31, 31, 32, 31, 32, 31, 31]","[1697465034076, 1697465034142, 1697465034173, 1697465034204, 1697465034235, 1697465034267, 1697465034299, 1697465034331, 1697465034364, 1697465034396, 1697465034427, 1697465034459, 1697465034490, 1697465034522, 1697465034553, 1697465034584, 1697465034616, 1697465034647, 1697465034679, 1697465034710, 1697465034741]"
144,144,330,144,[],200,llama-7b,1,1,589.0,1,2,T4,1697465034745,1697465035334,120,345,14,"[17, 144, 37, 32, 41, 31, 32, 32, 32, 31, 32, 32, 31, 32, 32]","[1697465034762, 1697465034906, 1697465034943, 1697465034975, 1697465035016, 1697465035047, 1697465035079, 1697465035111, 1697465035143, 1697465035174, 1697465035206, 1697465035238, 1697465035269, 1697465035301, 1697465035333]"
145,145,820,145,[],200,llama-7b,1,1,354.0,1,2,T4,1697465035337,1697465035691,120,161,9,"[18, 84, 31, 32, 31, 31, 32, 31, 32, 32]","[1697465035355, 1697465035439, 1697465035470, 1697465035502, 1697465035533, 1697465035564, 1697465035596, 1697465035627, 1697465035659, 1697465035691]"
146,146,412,146,[],200,llama-7b,1,1,388.0,1,2,T4,1697465035694,1697465036082,120,244,9,"[17, 109, 37, 31, 31, 32, 31, 37, 32, 31]","[1697465035711, 1697465035820, 1697465035857, 1697465035888, 1697465035919, 1697465035951, 1697465035982, 1697465036019, 1697465036051, 1697465036082]"
147,147,2,147,[],200,llama-7b,1,1,231.0,1,2,T4,1697465036085,1697465036316,120,58,6,"[17, 55, 31, 34, 31, 31, 32]","[1697465036102, 1697465036157, 1697465036188, 1697465036222, 1697465036253, 1697465036284, 1697465036316]"
148,148,516,148,[],200,llama-7b,1,1,245.0,1,2,T4,1697465036319,1697465036564,120,140,6,"[6, 82, 32, 31, 31, 32, 31]","[1697465036325, 1697465036407, 1697465036439, 1697465036470, 1697465036501, 1697465036533, 1697465036564]"
149,149,77,149,[],200,llama-7b,1,1,681.0,1,2,T4,1697465036567,1697465037248,120,92,20,"[7, 65, 32, 31, 31, 32, 31, 31, 38, 31, 31, 32, 31, 39, 31, 31, 31, 32, 31, 31, 32]","[1697465036574, 1697465036639, 1697465036671, 1697465036702, 1697465036733, 1697465036765, 1697465036796, 1697465036827, 1697465036865, 1697465036896, 1697465036927, 1697465036959, 1697465036990, 1697465037029, 1697465037060, 1697465037091, 1697465037122, 1697465037154, 1697465037185, 1697465037216, 1697465037248]"
150,150,590,150,[],200,llama-7b,1,1,689.0,1,2,T4,1697465037251,1697465037940,120,88,20,"[16, 68, 31, 32, 31, 31, 31, 31, 32, 31, 31, 31, 31, 32, 31, 31, 32, 31, 43, 31, 31]","[1697465037267, 1697465037335, 1697465037366, 1697465037398, 1697465037429, 1697465037460, 1697465037491, 1697465037522, 1697465037554, 1697465037585, 1697465037616, 1697465037647, 1697465037678, 1697465037710, 1697465037741, 1697465037772, 1697465037804, 1697465037835, 1697465037878, 1697465037909, 1697465037940]"
151,151,180,151,[],200,llama-7b,1,1,430.0,1,2,T4,1697465037943,1697465038373,120,123,12,"[18, 66, 31, 31, 31, 31, 31, 32, 32, 32, 32, 31, 32]","[1697465037961, 1697465038027, 1697465038058, 1697465038089, 1697465038120, 1697465038151, 1697465038182, 1697465038214, 1697465038246, 1697465038278, 1697465038310, 1697465038341, 1697465038373]"
152,152,700,152,[],200,llama-7b,1,1,1123.0,1,2,T4,1697465038376,1697465039499,120,140,33,"[18, 110, 32, 31, 32, 31, 32, 31, 32, 31, 32, 32, 31, 41, 31, 31, 32, 31, 39, 31, 32, 31, 31, 32, 31, 32, 33, 32, 32, 32, 31, 32, 31]","[1697465038394, 1697465038504, 1697465038536, 1697465038567, 1697465038599, 1697465038630, 1697465038662, 1697465038693, 1697465038725, 1697465038756, 1697465038788, 1697465038820, 1697465038851, 1697465038892, 1697465038923, 1697465038954, 1697465038986, 1697465039017, 1697465039056, 1697465039087, 1697465039119, 1697465039150, 1697465039181, 1697465039213, 1697465039244, 1697465039276, 1697465039309, 1697465039341, 1697465039373, 1697465039405, 1697465039436, 1697465039468, 1697465039499]"
153,153,261,153,[],200,llama-7b,1,1,386.0,1,2,T4,1697465039501,1697465039887,120,874,2,"[15, 371]","[1697465039516, 1697465039887]"
154,154,784,154,[],200,llama-7b,1,1,678.0,1,2,T4,1697465039890,1697465040568,120,89,20,"[17, 60, 31, 32, 37, 31, 31, 31, 31, 32, 31, 31, 31, 31, 32, 31, 32, 31, 32, 31, 32]","[1697465039907, 1697465039967, 1697465039998, 1697465040030, 1697465040067, 1697465040098, 1697465040129, 1697465040160, 1697465040191, 1697465040223, 1697465040254, 1697465040285, 1697465040316, 1697465040347, 1697465040379, 1697465040410, 1697465040442, 1697465040473, 1697465040505, 1697465040536, 1697465040568]"
155,155,373,155,[],200,llama-7b,1,1,55.0,1,2,T4,1697465040573,1697465040628,120,15,1,"[7, 48]","[1697465040580, 1697465040628]"
156,156,43,156,[],200,llama-7b,1,1,545.0,1,2,T4,1697465040631,1697465041176,120,732,8,"[19, 289, 34, 33, 32, 40, 32, 32, 34]","[1697465040650, 1697465040939, 1697465040973, 1697465041006, 1697465041038, 1697465041078, 1697465041110, 1697465041142, 1697465041176]"
157,157,563,157,[],200,llama-7b,1,1,925.0,1,2,T4,1697465041179,1697465042104,120,874,18,"[19, 338, 34, 33, 33, 33, 33, 32, 33, 33, 33, 32, 33, 33, 33, 33, 33, 33, 41]","[1697465041198, 1697465041536, 1697465041570, 1697465041603, 1697465041636, 1697465041669, 1697465041702, 1697465041734, 1697465041767, 1697465041800, 1697465041833, 1697465041865, 1697465041898, 1697465041931, 1697465041964, 1697465041997, 1697465042030, 1697465042063, 1697465042104]"
158,158,153,158,[],200,llama-7b,1,1,250.0,1,2,T4,1697465042107,1697465042357,120,335,4,"[9, 145, 32, 32, 31]","[1697465042116, 1697465042261, 1697465042293, 1697465042325, 1697465042356]"
159,159,666,159,[],200,llama-7b,1,1,665.0,1,2,T4,1697465042359,1697465043024,120,84,20,"[7, 63, 31, 32, 31, 31, 31, 32, 31, 31, 31, 31, 32, 31, 31, 32, 31, 31, 32, 31, 32]","[1697465042366, 1697465042429, 1697465042460, 1697465042492, 1697465042523, 1697465042554, 1697465042585, 1697465042617, 1697465042648, 1697465042679, 1697465042710, 1697465042741, 1697465042773, 1697465042804, 1697465042835, 1697465042867, 1697465042898, 1697465042929, 1697465042961, 1697465042992, 1697465043024]"
160,160,235,160,[],200,llama-7b,1,1,444.0,1,2,T4,1697465043029,1697465043473,120,161,12,"[17, 115, 31, 31, 31, 32, 31, 31, 31, 31, 31, 32]","[1697465043046, 1697465043161, 1697465043192, 1697465043223, 1697465043254, 1697465043286, 1697465043317, 1697465043348, 1697465043379, 1697465043410, 1697465043441, 1697465043473]"
161,161,748,161,[],200,llama-7b,1,1,518.0,1,2,T4,1697465043476,1697465043994,120,182,14,"[18, 116, 32, 31, 31, 31, 31, 31, 31, 32, 31, 40, 32, 31]","[1697465043494, 1697465043610, 1697465043642, 1697465043673, 1697465043704, 1697465043735, 1697465043766, 1697465043797, 1697465043828, 1697465043860, 1697465043891, 1697465043931, 1697465043963, 1697465043994]"
162,162,338,162,[],200,llama-7b,1,1,677.0,1,2,T4,1697465043997,1697465044674,120,84,20,"[17, 59, 31, 31, 37, 31, 31, 31, 32, 31, 31, 32, 32, 31, 32, 31, 31, 31, 32, 31, 32]","[1697465044014, 1697465044073, 1697465044104, 1697465044135, 1697465044172, 1697465044203, 1697465044234, 1697465044265, 1697465044297, 1697465044328, 1697465044359, 1697465044391, 1697465044423, 1697465044454, 1697465044486, 1697465044517, 1697465044548, 1697465044579, 1697465044611, 1697465044642, 1697465044674]"
163,163,829,163,[],200,llama-7b,1,1,71.0,1,2,T4,1697465044677,1697465044748,120,20,1,"[13, 58]","[1697465044690, 1697465044748]"
164,164,413,164,[],200,llama-7b,1,1,1696.0,1,2,T4,1697465044750,1697465046446,120,244,50,"[7, 114, 32, 40, 31, 31, 32, 31, 32, 36, 32, 31, 31, 31, 32, 32, 32, 31, 32, 32, 32, 31, 32, 32, 32, 33, 32, 32, 32, 32, 32, 31, 32, 32, 31, 32, 32, 32, 32, 31, 32, 40, 31, 32, 31, 32, 32, 31, 32, 32, 32]","[1697465044757, 1697465044871, 1697465044903, 1697465044943, 1697465044974, 1697465045005, 1697465045037, 1697465045068, 1697465045100, 1697465045136, 1697465045168, 1697465045199, 1697465045230, 1697465045261, 1697465045293, 1697465045325, 1697465045357, 1697465045388, 1697465045420, 1697465045452, 1697465045484, 1697465045515, 1697465045547, 1697465045579, 1697465045611, 1697465045644, 1697465045676, 1697465045708, 1697465045740, 1697465045772, 1697465045804, 1697465045835, 1697465045867, 1697465045899, 1697465045930, 1697465045962, 1697465045994, 1697465046026, 1697465046058, 1697465046089, 1697465046121, 1697465046161, 1697465046192, 1697465046224, 1697465046255, 1697465046287, 1697465046319, 1697465046350, 1697465046382, 1697465046414, 1697465046446]"
165,165,1,165,[],200,llama-7b,1,1,1397.0,1,2,T4,1697465046449,1697465047846,120,47,43,"[17, 55, 31, 31, 31, 31, 32, 31, 31, 32, 31, 31, 32, 31, 31, 39, 31, 31, 32, 31, 32, 33, 31, 31, 31, 31, 31, 32, 31, 33, 31, 32, 31, 32, 31, 31, 32, 31, 31, 31, 31, 32, 31, 31]","[1697465046466, 1697465046521, 1697465046552, 1697465046583, 1697465046614, 1697465046645, 1697465046677, 1697465046708, 1697465046739, 1697465046771, 1697465046802, 1697465046833, 1697465046865, 1697465046896, 1697465046927, 1697465046966, 1697465046997, 1697465047028, 1697465047060, 1697465047091, 1697465047123, 1697465047156, 1697465047187, 1697465047218, 1697465047249, 1697465047280, 1697465047311, 1697465047343, 1697465047374, 1697465047407, 1697465047438, 1697465047470, 1697465047501, 1697465047533, 1697465047564, 1697465047595, 1697465047627, 1697465047658, 1697465047689, 1697465047720, 1697465047751, 1697465047783, 1697465047814, 1697465047845]"
